Year,County,Count
1977,Albany,12543.577981651377
1977,Allegany,2882.2727272727275
1977,Bronx,48690.0
1977,Broome,7887.251908396946
1977,Cattaraugus,5145.869565217391
1977,Cayuga,8923.461538461539
1977,Chautauqua,5461.511627906977
1977,Chemung,3608.8
1977,Chenango,1783.7931034482758
1977,Clinton,4259.302325581395
1977,Columbia,5449.333333333333
1977,Cortland,5216.538461538462
1977,Delaware,2514.137931034483
1977,Dutchess,7908.878504672897
1977,Erie,18972.910216718265
1977,Essex,2892.9411764705883
1977,Franklin,3141.764705882353
1977,Fulton,3381.5384615384614
1977,Genesee,6186.0
1977,Greene,4657.142857142857
1977,Hamilton,1017.6923076923077
1977,Herkimer,4805.185185185185
1977,Jefferson,3895.9574468085107
1977,Kings,61085.71428571428
1977,Lewis,1835.3846153846155
1977,Livingston,3367.777777777778
1977,Madison,4596.862745098039
1977,Monroe,15844.059405940594
1977,Montgomery,5908.622448979592
1977,Nassau,31459.43181818182
1977,New York,69600.76923076923
1977,Niagara,10157.241379310344
1977,Oneida,4934.248704663212
1977,Onondaga,10151.102362204725
1977,Ontario,7182.340425531915
1977,Orange,8369.007633587786
1977,Orleans,2367.777777777778
1977,Oswego,4748.611111111111
1977,Otsego,1896.2857142857142
1977,Putnam,8270.882352941177
1977,Queens,49330.4081632653
1977,Rensselaer,14531.25925925926
1977,Richmond,47873.846153846156
1977,Rockland,14056.486486486487
1977,Saint Lawrence,2921.1111111111113
1977,Saratoga,8104.303797468355
1977,Schenectady,11254.782608695652
1977,Schoharie,2710.4
1977,Schuyler,1925.0
1977,Seneca,5265.454545454545
1977,Steuben,6061.568627450981
1977,Suffolk,22059.178082191782
1977,Sullivan,4017.6923076923076
1977,Tioga,6016.428571428572
1977,Tompkins,7713.676470588235
1977,Ulster,7597.2692307692305
1977,Warren,5861.5625
1977,Washington,3140.5882352941176
1977,Wayne,5029.714285714285
1977,Westchester,10905.942857142858
1977,Wyoming,2636.4
1977,Yates,2523.3333333333335
1978,Albany,11594.957264957266
1978,Allegany,2818.787878787879
1978,Bronx,46620.17857142857
1978,Broome,11864.761904761905
1978,Cattaraugus,5180.227272727273
1978,Cayuga,3927.9411764705883
1978,Chautauqua,4865.396825396825
1978,Chemung,2161.6666666666665
1978,Chenango,4585.882352941177
1978,Clinton,4609.107142857143
1978,Columbia,3740.576923076923
1978,Cortland,7385.416666666667
1978,Delaware,2284.0
1978,Dutchess,7617.272727272727
1978,Erie,19936.75
1978,Essex,2442.6923076923076
1978,Franklin,2871.0526315789475
1978,Fulton,2825.0
1978,Genesee,5510.227272727273
1978,Greene,6060.434782608696
1978,Hamilton,983.3333333333334
1978,Herkimer,3611.1111111111113
1978,Jefferson,11635.2
1978,Kings,62350.0
1978,Lewis,3223.125
1978,Livingston,4689.423076923077
1978,Madison,4000.0
1978,Monroe,15090.15503875969
1978,Montgomery,3510.5494505494507
1978,Nassau,44444.76190476191
1978,New York,94040.0
1978,Niagara,7737.474747474747
1978,Oneida,4357.964071856288
1978,Onondaga,10957.365269461077
1978,Ontario,7648.536585365854
1978,Orange,8130.746268656716
1978,Orleans,1871.0526315789473
1978,Oswego,6978.787878787879
1978,Otsego,3105.4545454545455
1978,Putnam,8018.636363636364
1978,Queens,32004.2
1978,Rensselaer,14632.368421052632
1978,Richmond,60221.0
1978,Rockland,15276.521739130434
1978,Saint Lawrence,3890.153846153846
1978,Saratoga,7332.916666666667
1978,Schenectady,10499.433962264151
1978,Schoharie,2654.7368421052633
1978,Schuyler,3035.714285714286
1978,Seneca,8580.0
1978,Steuben,4500.833333333333
1978,Suffolk,20447.555555555555
1978,Sullivan,5994.545454545455
1978,Tioga,4216.206896551724
1978,Tompkins,4820.0
1978,Ulster,4065.0485436893205
1978,Warren,5528.571428571428
1978,Washington,3339.6
1978,Wayne,4371.0
1978,Westchester,10921.128205128205
1978,Wyoming,2250.8333333333335
1978,Yates,2828.5714285714284
1979,Albany,10820.357142857143
1979,Allegany,2686.4864864864867
1979,Bronx,43470.4
1979,Broome,7821.351351351352
1979,Cattaraugus,3837.872340425532
1979,Cayuga,3911.1428571428573
1979,Chautauqua,4060.851063829787
1979,Chemung,3940.232558139535
1979,Chenango,2825.4285714285716
1979,Clinton,5826.521739130435
1979,Columbia,3603.8709677419356
1979,Cortland,4072.7272727272725
1979,Delaware,2341.4285714285716
1979,Dutchess,6433.297872340426
1979,Erie,14713.300492610837
1979,Essex,3666.0714285714284
1979,Franklin,3038.529411764706
1979,Fulton,3505.294117647059
1979,Genesee,6994.186046511628
1979,Greene,3970.0
1979,Hamilton,596.6666666666666
1979,Herkimer,3954.5454545454545
1979,Jefferson,4669.381443298969
1979,Kings,52603.75
1979,Lewis,2800.0
1979,Livingston,4503.783783783784
1979,Madison,4412.258064516129
1979,Monroe,12923.71727748691
1979,Montgomery,6112.063492063492
1979,Nassau,30074.126984126986
1979,New York,70075.83333333333
1979,Niagara,7326.952380952381
1979,Oneida,4597.602339181287
1979,Onondaga,9755.441176470587
1979,Ontario,7293.333333333333
1979,Orange,15789.29203539823
1979,Orleans,2499.2
1979,Oswego,4359.86301369863
1979,Otsego,3880.0
1979,Putnam,9018.260869565218
1979,Queens,57980.47619047619
1979,Rensselaer,15915.857142857143
1979,Richmond,52885.71428571428
1979,Rockland,16265.757575757576
1979,Saint Lawrence,3652.3636363636365
1979,Saratoga,6852.631578947368
1979,Schenectady,8598.095238095239
1979,Schoharie,2848.7096774193546
1979,Schuyler,2018.076923076923
1979,Seneca,4042.7272727272725
1979,Steuben,4517.014925373134
1979,Suffolk,15584.805194805194
1979,Sullivan,5740.810810810811
1979,Tioga,7586.521739130435
1979,Tompkins,2686.153846153846
1979,Ulster,8733.795180722891
1979,Warren,5436.521739130435
1979,Washington,3445.0
1979,Wayne,4381.785714285715
1979,Westchester,18799.883720930233
1979,Wyoming,2039.3333333333333
1979,Yates,2479.6428571428573
1980,Albany,12551.531531531531
1980,Allegany,2296.551724137931
1980,Bronx,44913.4693877551
1980,Broome,7094.757281553398
1980,Cattaraugus,3924.090909090909
1980,Cayuga,6744.736842105263
1980,Chautauqua,5694.430379746836
1980,Chemung,2561.6326530612246
1980,Chenango,2264.4444444444443
1980,Clinton,4066.521739130435
1980,Columbia,4212.222222222223
1980,Cortland,4720.0
1980,Delaware,2186.3888888888887
1980,Dutchess,3628.5365853658536
1980,Erie,20631.09170305677
1980,Essex,2352.6666666666665
1980,Franklin,2902.5
1980,Fulton,3071.6666666666665
1980,Genesee,7028.0
1980,Greene,4805.833333333333
1980,Hamilton,1004.1176470588235
1980,Herkimer,3765.5555555555557
1980,Jefferson,3507.9268292682927
1980,Kings,54525.71428571428
1980,Lewis,1321.3333333333333
1980,Livingston,3044.7368421052633
1980,Madison,3837.9591836734694
1980,Monroe,15680.983606557376
1980,Montgomery,5691.634615384615
1980,Nassau,30430.63829787234
1980,New York,58093.63636363636
1980,Niagara,8167.894736842105
1980,Oneida,4832.7027027027025
1980,Onondaga,7517.676767676768
1980,Ontario,8103.333333333333
1980,Orange,8329.146341463415
1980,Orleans,2213.4615384615386
1980,Oswego,3759.230769230769
1980,Otsego,2091.025641025641
1980,Putnam,9105.714285714286
1980,Queens,35300.416666666664
1980,Rensselaer,15743.769633507853
1980,Richmond,
1980,Rockland,15692.916666666666
1980,Saint Lawrence,3108.2051282051284
1980,Saratoga,6111.40625
1980,Schenectady,10586.25
1980,Schoharie,3681.818181818182
1980,Schuyler,3010.0
1980,Seneca,4345.333333333333
1980,Steuben,5011.029411764706
1980,Suffolk,18098.933333333334
1980,Sullivan,4419.6551724137935
1980,Tioga,4037.0588235294117
1980,Tompkins,6675.373134328358
1980,Ulster,4549.819277108434
1980,Warren,5104.736842105263
1980,Washington,2307.7272727272725
1980,Wayne,4048.823529411765
1980,Westchester,13354.83193277311
1980,Wyoming,2406.1111111111113
1980,Yates,2079.6296296296296
1981,Albany,12814.569892473119
1981,Allegany,3240.4
1981,Bronx,47893.04347826087
1981,Broome,9302.142857142857
1981,Cattaraugus,5034.576271186441
1981,Cayuga,6384.666666666667
1981,Chautauqua,4134.210526315789
1981,Chemung,3385.913043478261
1981,Chenango,3807.5
1981,Clinton,4396.666666666667
1981,Columbia,4345.4838709677415
1981,Cortland,6517.407407407408
1981,Delaware,2673.3333333333335
1981,Dutchess,8022.325581395349
1981,Erie,19657.085714285713
1981,Essex,3863.75
1981,Franklin,4096.315789473684
1981,Fulton,5771.818181818182
1981,Genesee,5534.375
1981,Greene,6865.5
1981,Hamilton,750.0
1981,Herkimer,4847.666666666667
1981,Jefferson,11473.809523809523
1981,Kings,69318.75
1981,Lewis,2157.5
1981,Livingston,4653.829787234043
1981,Madison,4723.076923076923
1981,Monroe,16277.68115942029
1981,Montgomery,2923.5632183908046
1981,Nassau,49297.045454545456
1981,New York,89070.0
1981,Niagara,8337.790697674418
1981,Oneida,5907.48031496063
1981,Onondaga,9349.744897959185
1981,Ontario,8337.741935483871
1981,Orange,14247.380952380952
1981,Orleans,4072.222222222222
1981,Oswego,7406.875
1981,Otsego,3320.3703703703704
1981,Putnam,9981.052631578947
1981,Queens,72391.25
1981,Rensselaer,14393.333333333334
1981,Richmond,59525.0
1981,Rockland,17937.916666666668
1981,Saint Lawrence,3580.5882352941176
1981,Saratoga,7127.868852459016
1981,Schenectady,8747.083333333334
1981,Schoharie,2745.714285714286
1981,Schuyler,933.7142857142857
1981,Seneca,9717.777777777777
1981,Steuben,5730.0
1981,Suffolk,21986.17021276596
1981,Sullivan,6702.121212121212
1981,Tioga,4826.666666666667
1981,Tompkins,7873.7037037037035
1981,Ulster,4159.6551724137935
1981,Warren,5607.142857142857
1981,Washington,2961.4285714285716
1981,Wayne,6335.142857142857
1981,Westchester,16024.72972972973
1981,Wyoming,3688.4615384615386
1981,Yates,2630.0
1982,Albany,7625.714285714285
1982,Allegany,2480.0
1982,Bronx,47104.77272727273
1982,Broome,7379.677419354839
1982,Cattaraugus,4225.641025641025
1982,Cayuga,4221.190476190476
1982,Chautauqua,5005.154639175258
1982,Chemung,3360.4347826086955
1982,Chenango,2750.625
1982,Clinton,3797.6315789473683
1982,Columbia,3596.923076923077
1982,Cortland,3199.5652173913045
1982,Delaware,2052.608695652174
1982,Dutchess,6098.987341772152
1982,Erie,20745.614973262032
1982,Essex,2279.090909090909
1982,Franklin,2823.684210526316
1982,Fulton,2381.25
1982,Genesee,6752.105263157895
1982,Greene,4399.047619047619
1982,Hamilton,780.0
1982,Herkimer,4745.6
1982,Jefferson,4953.2786885245905
1982,Kings,59868.333333333336
1982,Lewis,2888.2608695652175
1982,Livingston,5153.333333333333
1982,Madison,6228.75
1982,Monroe,12209.465648854963
1982,Montgomery,6385.555555555556
1982,Nassau,32238.60465116279
1982,New York,59487.5
1982,Niagara,5897.846153846154
1982,Oneida,3838.3916083916083
1982,Onondaga,7701.311475409836
1982,Ontario,8757.826086956522
1982,Orange,10437.592592592593
1982,Orleans,1847.8947368421052
1982,Oswego,3973.9622641509436
1982,Otsego,3400.8571428571427
1982,Putnam,7764.761904761905
1982,Queens,62090.0
1982,Rensselaer,15509.304347826086
1982,Richmond,
1982,Rockland,17776.363636363636
1982,Saint Lawrence,3686.086956521739
1982,Saratoga,6508.301886792453
1982,Schenectady,6249.714285714285
1982,Schoharie,2130.4545454545455
1982,Schuyler,1238.5714285714287
1982,Seneca,4608.0
1982,Steuben,5089.423076923077
1982,Suffolk,15702.8
1982,Sullivan,6075.217391304348
1982,Tioga,9007.5
1982,Tompkins,5811.5
1982,Ulster,9506.289308176101
1982,Warren,4530.869565217391
1982,Washington,3379.090909090909
1982,Wayne,6286.206896551724
1982,Westchester,26818.076923076922
1982,Wyoming,2440.0
1982,Yates,2847.1428571428573
1983,Albany,10860.247933884297
1983,Allegany,3406.0
1983,Bronx,70288.46153846153
1983,Broome,8983.09090909091
1983,Cattaraugus,2168.3333333333335
1983,Cayuga,4877.586206896552
1983,Chautauqua,4725.689655172414
1983,Chemung,3229.8214285714284
1983,Chenango,2706.315789473684
1983,Clinton,4107.551020408163
1983,Columbia,4010.3703703703704
1983,Cortland,5631.25
1983,Delaware,2598.3333333333335
1983,Dutchess,7428.857142857143
1983,Erie,21524.583333333332
1983,Essex,2479.0
1983,Franklin,2213.3333333333335
1983,Fulton,2775.7894736842104
1983,Genesee,10364.545454545454
1983,Greene,5323.103448275862
1983,Hamilton,1150.0
1983,Herkimer,4773.541666666667
1983,Jefferson,4120.754716981132
1983,Kings,66341.66666666667
1983,Lewis,2172.5
1983,Livingston,4786.666666666667
1983,Madison,4257.631578947368
1983,Monroe,9616.42857142857
1983,Montgomery,3374.4444444444443
1983,Nassau,26275.69230769231
1983,New York,106405.0
1983,Niagara,7188.0
1983,Oneida,4888.994413407821
1983,Onondaga,9147.289719626167
1983,Ontario,8388.461538461539
1983,Orange,9222.32
1983,Orleans,1401.764705882353
1983,Oswego,4868.529411764706
1983,Otsego,2912.6923076923076
1983,Putnam,9330.714285714286
1983,Queens,66698.0
1983,Rensselaer,16167.338709677419
1983,Richmond,39587.5
1983,Rockland,14818.863636363636
1983,Saint Lawrence,2525.076923076923
1983,Saratoga,7505.416666666667
1983,Schenectady,9898.297872340425
1983,Schoharie,2465.714285714286
1983,Schuyler,1226.5168539325844
1983,Seneca,6769.090909090909
1983,Steuben,5006.792452830188
1983,Suffolk,24141.978021978022
1983,Sullivan,5180.571428571428
1983,Tioga,8160.0
1983,Tompkins,8240.25
1983,Ulster,3537.777777777778
1983,Warren,4521.538461538462
1983,Washington,2574.230769230769
1983,Wayne,5983.870967741936
1983,Westchester,13550.372093023256
1983,Wyoming,2783.0
1983,Yates,3462.3076923076924
1984,Albany,12241.078431372549
1984,Allegany,2485.675675675676
1984,Bronx,67220.0
1984,Broome,7027.386363636364
1984,Cattaraugus,4298.484848484848
1984,Cayuga,7207.758620689655
1984,Chautauqua,4048.448275862069
1984,Chemung,3882.920353982301
1984,Chenango,3200.0
1984,Clinton,4018.6206896551726
1984,Columbia,5442.916666666667
1984,Cortland,6888.125
1984,Delaware,3259.0476190476193
1984,Dutchess,8555.384615384615
1984,Erie,17017.747252747253
1984,Essex,3118.4
1984,Franklin,2954.4444444444443
1984,Fulton,3803.0
1984,Genesee,7640.5
1984,Greene,5828.260869565217
1984,Hamilton,940.0
1984,Herkimer,4258.9473684210525
1984,Jefferson,10263.050847457627
1984,Kings,67090.0
1984,Lewis,1349.2307692307693
1984,Livingston,4331.25
1984,Madison,5146.818181818182
1984,Monroe,20567.71812080537
1984,Montgomery,5486.190476190476
1984,Nassau,40016.51515151515
1984,New York,101700.0
1984,Niagara,6132.459016393443
1984,Oneida,6633.202614379085
1984,Onondaga,10671.07438016529
1984,Ontario,5914.423076923077
1984,Orange,19886.45569620253
1984,Orleans,2210.0
1984,Oswego,6508.775510204082
1984,Otsego,4041.6129032258063
1984,Putnam,12782.8
1984,Queens,84346.66666666667
1984,Rensselaer,5254.8
1984,Richmond,51720.0
1984,Rockland,19129.0
1984,Saint Lawrence,3595.2
1984,Saratoga,8940.90909090909
1984,Schenectady,8953.055555555555
1984,Schoharie,3030.0
1984,Schuyler,2719.375
1984,Seneca,4720.666666666667
1984,Steuben,5209.824561403509
1984,Suffolk,18901.46551724138
1984,Sullivan,6261.388888888889
1984,Tioga,4411.428571428572
1984,Tompkins,5926.153846153846
1984,Ulster,5128.108108108108
1984,Warren,6233.75
1984,Washington,2724.137931034483
1984,Wayne,6166.666666666667
1984,Westchester,25549.304347826088
1984,Wyoming,3273.125
1984,Yates,2489.4444444444443
1985,Albany,15398.531468531468
1985,Allegany,4090.0
1985,Bronx,56064.166666666664
1985,Broome,9806.363636363636
1985,Cattaraugus,6482.424242424242
1985,Cayuga,5357.666666666667
1985,Chautauqua,6093.846153846154
1985,Chemung,4294.33628318584
1985,Chenango,3048.3783783783783
1985,Clinton,4752.65306122449
1985,Columbia,3816.3636363636365
1985,Cortland,3835.185185185185
1985,Delaware,2950.0
1985,Dutchess,9302.884615384615
1985,Erie,20143.2
1985,Essex,2841.6666666666665
1985,Franklin,2523.684210526316
1985,Fulton,4217.666666666667
1985,Genesee,6353.04347826087
1985,Greene,5666.25
1985,Hamilton,978.8888888888889
1985,Herkimer,5533.488372093023
1985,Jefferson,8188.206896551724
1985,Kings,76906.875
1985,Lewis,3443.913043478261
1985,Livingston,4140.0
1985,Madison,4791.666666666667
1985,Monroe,11155.212765957447
1985,Montgomery,4225.1578947368425
1985,Nassau,19836.11111111111
1985,New York,98807.69230769231
1985,Niagara,8354.69696969697
1985,Oneida,6378.380281690141
1985,Onondaga,11202.302631578947
1985,Ontario,9151.6
1985,Orange,13309.452054794521
1985,Orleans,2358.3333333333335
1985,Oswego,6801.929824561404
1985,Otsego,4349.433962264151
1985,Putnam,14419.411764705883
1985,Queens,78161.25
1985,Rensselaer,8325.089285714286
1985,Richmond,88800.0
1985,Rockland,18578.333333333332
1985,Saint Lawrence,4208.909090909091
1985,Saratoga,9355.645161290322
1985,Schenectady,8983.921568627451
1985,Schoharie,2895.3846153846152
1985,Schuyler,920.0
1985,Seneca,6761.111111111111
1985,Steuben,7759.824561403509
1985,Suffolk,17398.71794871795
1985,Sullivan,7295.0
1985,Tioga,11409.5
1985,Tompkins,7745.675675675676
1985,Ulster,4333.978494623656
1985,Warren,6705.789473684211
1985,Washington,4382.4324324324325
1985,Wayne,2918.8888888888887
1985,Westchester,21445.0
1985,Wyoming,3360.0
1985,Yates,870.0
1986,Albany,15498.982035928144
1986,Allegany,3652.4
1986,Bronx,66978.57142857143
1986,Broome,7337.209302325581
1986,Cattaraugus,4064.8936170212764
1986,Cayuga,5756.153846153846
1986,Chautauqua,4326.623376623376
1986,Chemung,3497.6724137931033
1986,Chenango,3846.875
1986,Clinton,5189.0625
1986,Columbia,5367.931034482759
1986,Cortland,5247.083333333333
1986,Delaware,3836.785714285714
1986,Dutchess,8117.674418604651
1986,Erie,19412.361809045226
1986,Essex,2842.6470588235293
1986,Franklin,4412.380952380952
1986,Fulton,4272.333333333333
1986,Genesee,6563.846153846154
1986,Greene,5570.555555555556
1986,Hamilton,1093.3333333333333
1986,Herkimer,4640.166666666667
1986,Jefferson,9477.621951219513
1986,Kings,78571.25
1986,Lewis,4283.04347826087
1986,Livingston,2871.818181818182
1986,Madison,4805.263157894737
1986,Monroe,9900.309278350516
1986,Montgomery,4751.590909090909
1986,Nassau,29120.232558139534
1986,New York,81212.77777777778
1986,Niagara,7114.5
1986,Oneida,6426.1567164179105
1986,Onondaga,14411.715481171548
1986,Ontario,12097.5
1986,Orange,16568.60655737705
1986,Orleans,2361.5789473684213
1986,Oswego,9045.384615384615
1986,Otsego,4928.913043478261
1986,Putnam,11121.0
1986,Queens,84375.5172413793
1986,Rensselaer,17585.103734439836
1986,Richmond,95080.0
1986,Rockland,14598.181818181818
1986,Saint Lawrence,3774.1071428571427
1986,Saratoga,7713.932584269663
1986,Schenectady,10728.6
1986,Schoharie,3014.8571428571427
1986,Schuyler,6392.222222222223
1986,Seneca,6212.5
1986,Steuben,5884.583333333333
1986,Suffolk,17287.375
1986,Sullivan,2985.2
1986,Tioga,6489.545454545455
1986,Tompkins,7407.083333333333
1986,Ulster,8558.498023715416
1986,Warren,5230.0
1986,Washington,3803.5714285714284
1986,Wayne,5825.294117647059
1986,Westchester,18107.3786407767
1986,Wyoming,2637.777777777778
1986,Yates,4025.5555555555557
1987,Albany,15664.444444444445
1987,Allegany,3707.1428571428573
1987,Bronx,68507.5
1987,Broome,9546.060606060606
1987,Cattaraugus,4096.666666666667
1987,Cayuga,5180.0
1987,Chautauqua,4992.222222222223
1987,Chemung,4154.054054054054
1987,Chenango,3703.214285714286
1987,Clinton,4918.541666666667
1987,Columbia,4544.571428571428
1987,Cortland,6133.461538461538
1987,Delaware,3102.0689655172414
1987,Dutchess,23910.23622047244
1987,Erie,19967.385159010602
1987,Essex,2678.076923076923
1987,Franklin,4655.0
1987,Fulton,3851.2
1987,Genesee,9268.260869565218
1987,Greene,6907.2
1987,Hamilton,1383.5714285714287
1987,Herkimer,4485.882352941177
1987,Jefferson,8921.242236024846
1987,Kings,75597.77777777778
1987,Lewis,3381.315789473684
1987,Livingston,5204.722222222223
1987,Madison,5094.8387096774195
1987,Monroe,12105.80357142857
1987,Montgomery,8228.666666666666
1987,Nassau,34008.22222222222
1987,New York,97872.5
1987,Niagara,8619.156626506025
1987,Oneida,6577.979274611399
1987,Onondaga,12126.272727272728
1987,Ontario,9490.555555555555
1987,Orange,18153.687943262412
1987,Orleans,4447.5
1987,Oswego,4566.938775510204
1987,Otsego,5439.0
1987,Putnam,11623.870967741936
1987,Queens,69193.68421052632
1987,Rensselaer,6471.728395061728
1987,Richmond,91060.0
1987,Rockland,23103.529411764706
1987,Saint Lawrence,3033.0
1987,Saratoga,6541.079136690648
1987,Schenectady,10106.25
1987,Schoharie,2564.074074074074
1987,Schuyler,1892.3529411764705
1987,Seneca,5028.787878787879
1987,Steuben,5723.2467532467535
1987,Suffolk,17340.344827586207
1987,Sullivan,10212.692307692309
1987,Tioga,5423.7037037037035
1987,Tompkins,7893.214285714285
1987,Ulster,10685.722222222223
1987,Warren,9419.583333333334
1987,Washington,3008.6363636363635
1987,Wayne,4424.545454545455
1987,Westchester,16882.669491525423
1987,Wyoming,2296.6666666666665
1987,Yates,3048.9285714285716
1988,Albany,15866.973684210527
1988,Allegany,3494.4827586206898
1988,Bronx,68909.28571428571
1988,Broome,11137.35294117647
1988,Cattaraugus,5768.974358974359
1988,Cayuga,7537.627118644068
1988,Chautauqua,5674.868421052632
1988,Chemung,3735.1785714285716
1988,Chenango,4105.714285714285
1988,Clinton,5550.0
1988,Columbia,4984.047619047619
1988,Cortland,4799.459459459459
1988,Delaware,3631.212121212121
1988,Dutchess,11186.440677966102
1988,Erie,20270.0
1988,Essex,2972.3076923076924
1988,Franklin,4698.260869565217
1988,Fulton,4102.35294117647
1988,Genesee,7397.8378378378375
1988,Greene,7565.238095238095
1988,Hamilton,1264.1176470588234
1988,Herkimer,5035.964912280701
1988,Jefferson,9378.360655737704
1988,Kings,81300.0
1988,Lewis,3860.4
1988,Livingston,7123.478260869565
1988,Madison,5606.666666666667
1988,Monroe,16859.102040816328
1988,Montgomery,7639.191176470588
1988,Nassau,49280.27777777778
1988,New York,99739.33333333333
1988,Niagara,10130.0
1988,Oneida,6810.682926829269
1988,Onondaga,9024.757281553399
1988,Ontario,10602.692307692309
1988,Orange,14117.951807228916
1988,Orleans,2842.5
1988,Oswego,7304.5161290322585
1988,Otsego,6265.277777777777
1988,Putnam,15902.0
1988,Queens,122344.13793103448
1988,Rensselaer,20342.535211267605
1988,Richmond,88300.0
1988,Rockland,22473.023255813954
1988,Saint Lawrence,4092.9850746268658
1988,Saratoga,8261.958041958042
1988,Schenectady,12025.689655172413
1988,Schoharie,3367.5757575757575
1988,Schuyler,982.1951219512196
1988,Seneca,8450.0
1988,Steuben,6355.087719298245
1988,Suffolk,32449.50310559006
1988,Sullivan,6676.666666666667
1988,Tioga,9567.291666666666
1988,Tompkins,5865.925925925926
1988,Ulster,8975.48
1988,Warren,5937.804878048781
1988,Washington,4428.378378378378
1988,Wayne,6487.5
1988,Westchester,18344.29268292683
1988,Wyoming,3389.0625
1988,Yates,3793.75
1989,Albany,20963.25396825397
1989,Allegany,3856.6666666666665
1989,Bronx,81805.0
1989,Broome,11898.7
1989,Cattaraugus,5272.142857142857
1989,Cayuga,5328.125
1989,Chautauqua,5955.774647887324
1989,Chemung,9612.285714285714
1989,Chenango,3800.0
1989,Clinton,6018.490566037736
1989,Columbia,5551.0
1989,Cortland,6327.941176470588
1989,Delaware,3115.277777777778
1989,Dutchess,12408.363636363636
1989,Erie,18651.785714285714
1989,Essex,2721.25
1989,Franklin,4818.0
1989,Fulton,4537.5
1989,Genesee,10138.666666666666
1989,Greene,7076.333333333333
1989,Hamilton,1021.6666666666666
1989,Herkimer,4836.086956521739
1989,Jefferson,9680.30534351145
1989,Kings,84513.75
1989,Lewis,3292.962962962963
1989,Livingston,4277.460317460317
1989,Madison,5682.5
1989,Monroe,17203.0
1989,Montgomery,8716.923076923076
1989,Nassau,29958.035714285714
1989,New York,104141.53846153847
1989,Niagara,8333.965517241379
1989,Oneida,10233.312101910828
1989,Onondaga,14004.0625
1989,Ontario,13848.181818181818
1989,Orange,13979.62962962963
1989,Orleans,2582.6666666666665
1989,Oswego,8015.526315789473
1989,Otsego,4914.117647058823
1989,Putnam,16582.666666666668
1989,Queens,67977.5
1989,Rensselaer,22044.416666666668
1989,Richmond,133773.33333333334
1989,Rockland,23933.809523809523
1989,Saint Lawrence,4042.777777777778
1989,Saratoga,12547.727272727272
1989,Schenectady,12757.09677419355
1989,Schoharie,3964.1176470588234
1989,Schuyler,5757.692307692308
1989,Seneca,8346.875
1989,Steuben,7677.727272727273
1989,Suffolk,32909.345794392524
1989,Sullivan,7389.677419354839
1989,Tioga,8574.285714285714
1989,Tompkins,9675.757575757576
1989,Ulster,5785.217391304348
1989,Warren,7701.785714285715
1989,Washington,5120.357142857143
1989,Wayne,6576.666666666667
1989,Westchester,30501.511627906977
1989,Wyoming,2712.8571428571427
1989,Yates,4103.75
1990,Albany,15700.91743119266
1990,Allegany,3957.4358974358975
1990,Bronx,74405.0
1990,Broome,16049.058823529413
1990,Cattaraugus,4798.333333333333
1990,Cayuga,7307.111111111111
1990,Chautauqua,7098.387096774193
1990,Chemung,10332.90322580645
1990,Chenango,4611.666666666667
1990,Clinton,6043.8983050847455
1990,Columbia,6222.368421052632
1990,Cortland,4239.130434782609
1990,Delaware,4249.6
1990,Dutchess,12925.277777777777
1990,Erie,15076.538461538461
1990,Essex,3600.909090909091
1990,Franklin,3293.75
1990,Fulton,5236.428571428572
1990,Genesee,7470.51282051282
1990,Greene,6368.275862068966
1990,Hamilton,1370.0
1990,Herkimer,5987.241379310345
1990,Jefferson,8950.258064516129
1990,Kings,77792.72727272728
1990,Lewis,3449.3333333333335
1990,Livingston,5867.333333333333
1990,Madison,7724.411764705882
1990,Monroe,19283.65168539326
1990,Montgomery,4616.944444444444
1990,Nassau,74372.89156626505
1990,New York,92588.33333333333
1990,Niagara,8343.0
1990,Oneida,10336.92857142857
1990,Onondaga,12087.733333333334
1990,Ontario,8303.2
1990,Orange,16616.511627906977
1990,Orleans,2584.6666666666665
1990,Oswego,3262.0
1990,Otsego,4028.8709677419356
1990,Putnam,13424.70588235294
1990,Queens,71792.5
1990,Rensselaer,15681.209677419354
1990,Richmond,84133.33333333333
1990,Rockland,23994.081632653062
1990,Saint Lawrence,4055.6164383561645
1990,Saratoga,11476.0
1990,Schenectady,12484.634146341463
1990,Schoharie,3856.153846153846
1990,Schuyler,2844.4444444444443
1990,Seneca,5267.777777777777
1990,Steuben,7420.0
1990,Suffolk,30414.044943820223
1990,Sullivan,6576.829268292683
1990,Tioga,7287.5
1990,Tompkins,10199.444444444445
1990,Ulster,14633.75
1990,Warren,9764.0
1990,Washington,4147.916666666667
1990,Wayne,5548.548387096775
1990,Westchester,18206.904761904763
1990,Wyoming,3279.1666666666665
1990,Yates,3287.1428571428573
1991,Albany,18752.110091743118
1991,Allegany,3007.6
1991,Bronx,71476.25
1991,Broome,11643.620689655172
1991,Cattaraugus,5761.388888888889
1991,Cayuga,8244.70588235294
1991,Chautauqua,7340.178571428572
1991,Chemung,9588.095238095239
1991,Chenango,3918.4615384615386
1991,Clinton,4850.294117647059
1991,Columbia,5347.575757575758
1991,Cortland,7292.978723404255
1991,Delaware,3599.6428571428573
1991,Dutchess,13443.283582089553
1991,Erie,23862.412451361866
1991,Essex,2805.0
1991,Franklin,4456.4
1991,Fulton,4875.333333333333
1991,Genesee,8207.297297297297
1991,Greene,8576.5
1991,Hamilton,1758.5714285714287
1991,Herkimer,5435.454545454545
1991,Jefferson,9704.56647398844
1991,Kings,96711.25
1991,Lewis,3994.7619047619046
1991,Livingston,4761.666666666667
1991,Madison,6384.1463414634145
1991,Monroe,19316.410256410258
1991,Montgomery,7101.550387596899
1991,Nassau,63210.75
1991,New York,95628.18181818182
1991,Niagara,10651.558441558442
1991,Oneida,9834.51923076923
1991,Onondaga,15245.923913043478
1991,Ontario,11702.8
1991,Orange,13810.131578947368
1991,Orleans,3318.0555555555557
1991,Oswego,6377.764705882353
1991,Otsego,6460.975609756098
1991,Putnam,15674.4
1991,Queens,79505.0
1991,Rensselaer,10183.275862068966
1991,Richmond,98442.0
1991,Rockland,27200.434782608696
1991,Saint Lawrence,5211.666666666667
1991,Saratoga,8936.0
1991,Schenectady,12002.093023255815
1991,Schoharie,3112.7027027027025
1991,Schuyler,1120.759493670886
1991,Seneca,8430.833333333334
1991,Steuben,7994.574468085107
1991,Suffolk,34846.8992248062
1991,Sullivan,6663.684210526316
1991,Tioga,10235.531914893618
1991,Tompkins,6968.181818181818
1991,Ulster,11279.728260869566
1991,Warren,7621.923076923077
1991,Washington,5844.0
1991,Wayne,9770.0
1991,Westchester,18461.593406593405
1991,Wyoming,3172.3333333333335
1991,Yates,4387.5
1992,Albany,20857.25925925926
1992,Allegany,3329.6666666666665
1992,Bronx,61593.4375
1992,Broome,10755.14563106796
1992,Cattaraugus,3930.5555555555557
1992,Cayuga,5135.833333333333
1992,Chautauqua,6938.2
1992,Chemung,4702.365591397849
1992,Chenango,3668.8888888888887
1992,Clinton,6104.137931034483
1992,Columbia,5158.222222222223
1992,Cortland,4657.0
1992,Delaware,3205.1428571428573
1992,Dutchess,11032.35294117647
1992,Erie,19993.321167883212
1992,Essex,2852.3076923076924
1992,Franklin,4189.6
1992,Fulton,3356.063829787234
1992,Genesee,9862.068965517241
1992,Greene,6870.0
1992,Hamilton,1188.3333333333333
1992,Herkimer,5490.535714285715
1992,Jefferson,14665.309090909092
1992,Kings,80408.18181818182
1992,Lewis,2601.25
1992,Livingston,5394.027777777777
1992,Madison,6703.333333333333
1992,Monroe,12210.083333333334
1992,Montgomery,8369.180327868853
1992,Nassau,20487.204545454544
1992,New York,90907.33333333333
1992,Niagara,8884.8
1992,Oneida,9735.16806722689
1992,Onondaga,12044.146341463415
1992,Ontario,13265.882352941177
1992,Orange,13841.184210526315
1992,Orleans,2938.0
1992,Oswego,6952.758620689655
1992,Otsego,5702.666666666667
1992,Putnam,13711.785714285714
1992,Queens,72277.2
1992,Rensselaer,23781.396648044694
1992,Richmond,83547.5
1992,Rockland,23462.068965517243
1992,Saint Lawrence,4462.777777777777
1992,Saratoga,10096.222222222223
1992,Schenectady,13139.42857142857
1992,Schoharie,4191.25
1992,Schuyler,1760.0
1992,Seneca,8681.111111111111
1992,Steuben,6276.481481481482
1992,Suffolk,18146.647058823528
1992,Sullivan,6518.421052631579
1992,Tioga,11877.714285714286
1992,Tompkins,2927.5
1992,Ulster,7421.0317460317465
1992,Warren,8844.333333333334
1992,Washington,4448.076923076923
1992,Wayne,10428.333333333334
1992,Westchester,16825.113636363636
1992,Wyoming,3487.6190476190477
1992,Yates,3078.5714285714284
1993,Albany,21886.55172413793
1993,Allegany,4420.0
1993,Bronx,43818.31578947369
1993,Broome,16314.745762711864
1993,Cattaraugus,5111.8
1993,Cayuga,7008.863636363636
1993,Chautauqua,6238.1578947368425
1993,Chemung,7668.0
1993,Chenango,3760.9756097560976
1993,Clinton,5670.408163265306
1993,Columbia,7205.0
1993,Cortland,4578.888888888889
1993,Delaware,3708.695652173913
1993,Dutchess,14319.09090909091
1993,Erie,17827.16577540107
1993,Essex,4256.875
1993,Franklin,4538.620689655172
1993,Fulton,4972.068965517241
1993,Genesee,8500.285714285714
1993,Greene,6552.903225806452
1993,Hamilton,1940.0
1993,Herkimer,6432.222222222223
1993,Jefferson,10891.875
1993,Kings,78552.25806451614
1993,Lewis,2721.0526315789475
1993,Livingston,5275.0
1993,Madison,6899.354838709677
1993,Monroe,15244.204081632653
1993,Montgomery,5330.295857988166
1993,Nassau,41882.536231884056
1993,New York,88455.58823529411
1993,Niagara,9858.811594202898
1993,Oneida,9713.858267716536
1993,Onondaga,15037.931034482759
1993,Ontario,7804.305555555556
1993,Orange,15666.567164179105
1993,Orleans,2173.125
1993,Oswego,9861.666666666666
1993,Otsego,3516.923076923077
1993,Putnam,14000.0
1993,Queens,56497.94701986755
1993,Rensselaer,27402.702702702703
1993,Richmond,77065.0
1993,Rockland,21364.21052631579
1993,Saint Lawrence,4437.35294117647
1993,Saratoga,13335.4
1993,Schenectady,12314.883720930233
1993,Schoharie,3792.962962962963
1993,Schuyler,3203.0
1993,Seneca,6858.235294117647
1993,Steuben,6367.1
1993,Suffolk,22627.837837837837
1993,Sullivan,6835.294117647059
1993,Tioga,6742.857142857143
1993,Tompkins,14221.481481481482
1993,Ulster,13853.666666666666
1993,Warren,8368.148148148148
1993,Washington,5084.814814814815
1993,Wayne,5426.727272727273
1993,Westchester,19050.84745762712
1993,Wyoming,3343.809523809524
1993,Yates,3082.1739130434785
1994,Albany,14822.285714285714
1994,Allegany,2847.5
1994,Bronx,83607.72727272728
1994,Broome,10038.181818181818
1994,Cattaraugus,5754.166666666667
1994,Cayuga,8515.633802816901
1994,Chautauqua,9066.739130434782
1994,Chemung,7336.875
1994,Chenango,4034.1666666666665
1994,Clinton,6638.75
1994,Columbia,7740.0
1994,Cortland,6613.421052631579
1994,Delaware,3541.25
1994,Dutchess,10550.9375
1994,Erie,16645.090909090908
1994,Essex,3689.4736842105262
1994,Franklin,4593.636363636364
1994,Fulton,5017.5
1994,Genesee,8351.59090909091
1994,Greene,8052.105263157895
1994,Hamilton,1164.0
1994,Herkimer,7478.9473684210525
1994,Jefferson,7910.131313131313
1994,Kings,89790.0
1994,Lewis,3411.176470588235
1994,Livingston,7256.153846153846
1994,Madison,7708.823529411765
1994,Monroe,17467.021276595744
1994,Montgomery,7144.583333333333
1994,Nassau,37854.53125
1994,New York,98823.47826086957
1994,Niagara,10432.166666666666
1994,Oneida,7634.393939393939
1994,Onondaga,15773.980582524271
1994,Ontario,12743.333333333334
1994,Orange,17720.666666666668
1994,Orleans,2767.3333333333335
1994,Oswego,6362.03125
1994,Otsego,6432.758620689655
1994,Putnam,23183.333333333332
1994,Queens,94616.51162790698
1994,Rensselaer,8640.0
1994,Richmond,95173.33333333333
1994,Rockland,28104.70588235294
1994,Saint Lawrence,4792.264150943396
1994,Saratoga,6995.0
1994,Schenectady,10880.0
1994,Schoharie,3492.121212121212
1994,Schuyler,3707.5
1994,Seneca,26320.0
1994,Steuben,6157.585365853659
1994,Suffolk,32579.714285714286
1994,Sullivan,6597.666666666667
1994,Tioga,9879.333333333334
1994,Tompkins,
1994,Ulster,15005.652173913044
1994,Warren,8497.368421052632
1994,Washington,6890.0
1994,Wayne,7850.0
1994,Westchester,26678.571428571428
1994,Wyoming,2789.1428571428573
1994,Yates,6533.333333333333
1995,Albany,19386.44230769231
1995,Allegany,3793.6666666666665
1995,Bronx,19272.04081632653
1995,Broome,12410.70588235294
1995,Cattaraugus,4521.25
1995,Cayuga,5838.620689655172
1995,Chautauqua,10348.4
1995,Chemung,10370.952380952382
1995,Chenango,3248.214285714286
1995,Clinton,5937.75
1995,Columbia,5348.775510204082
1995,Cortland,11262.857142857143
1995,Delaware,3532.222222222222
1995,Dutchess,13493.442622950819
1995,Erie,20971.666666666668
1995,Essex,3470.967741935484
1995,Franklin,5282.631578947368
1995,Fulton,4976.571428571428
1995,Genesee,13420.526315789473
1995,Greene,7416.923076923077
1995,Hamilton,1801.4285714285713
1995,Herkimer,5078.823529411765
1995,Jefferson,6736.451612903225
1995,Kings,54605.16129032258
1995,Lewis,3871.5384615384614
1995,Livingston,4857.916666666667
1995,Madison,7563.809523809524
1995,Monroe,13659.295774647888
1995,Montgomery,7843.818181818182
1995,Nassau,26066.666666666668
1995,New York,93087.69230769231
1995,Niagara,9884.878048780487
1995,Oneida,11229.032258064517
1995,Onondaga,26446.28205128205
1995,Ontario,12775.172413793103
1995,Orange,17568.383233532935
1995,Orleans,4005.3846153846152
1995,Oswego,7751.4
1995,Otsego,5763.25
1995,Putnam,14754.411764705883
1995,Queens,69687.5
1995,Rensselaer,8403.181818181818
1995,Richmond,85289.0
1995,Rockland,27355.833333333332
1995,Saint Lawrence,4811.0
1995,Saratoga,14563.947368421053
1995,Schenectady,12755.625
1995,Schoharie,3615.0
1995,Schuyler,2177.5
1995,Seneca,6120.434782608696
1995,Steuben,4776.222222222223
1995,Suffolk,30076.593406593405
1995,Sullivan,7390.0
1995,Tioga,6513.684210526316
1995,Tompkins,4452.857142857143
1995,Ulster,18734.70588235294
1995,Warren,14260.0
1995,Washington,4822.857142857143
1995,Wayne,7987.777777777777
1995,Westchester,32125.29411764706
1995,Wyoming,4141.333333333333
1995,Yates,3023.846153846154
1996,Albany,29977.865168539327
1996,Allegany,4580.8
1996,Bronx,59163.22580645161
1996,Broome,16367.972972972973
1996,Cattaraugus,7355.0
1996,Cayuga,6890.0
1996,Chautauqua,10578.095238095239
1996,Chemung,8157.575757575758
1996,Chenango,3895.0
1996,Clinton,5693.0
1996,Columbia,5750.810810810811
1996,Cortland,4873.1578947368425
1996,Delaware,3425.714285714286
1996,Dutchess,11272.0
1996,Erie,29594.353741496598
1996,Essex,4640.0
1996,Franklin,4276.578947368421
1996,Fulton,2992.8282828282827
1996,Genesee,9304.0
1996,Greene,9212.0
1996,Hamilton,2410.0
1996,Herkimer,6121.636363636364
1996,Jefferson,10852.962962962964
1996,Kings,44954.444444444445
1996,Lewis,3466.6666666666665
1996,Livingston,5947.241379310345
1996,Madison,6866.486486486487
1996,Monroe,11821.060240963856
1996,Montgomery,6311.183431952662
1996,Nassau,52356.582278481015
1996,New York,95964.375
1996,Niagara,9245.47619047619
1996,Oneida,10560.0
1996,Onondaga,12223.67088607595
1996,Ontario,8917.5
1996,Orange,19675.539568345324
1996,Orleans,3105.5
1996,Oswego,6194.0
1996,Otsego,4884.827586206897
1996,Putnam,19107.5
1996,Queens,42839.39759036145
1996,Rensselaer,13176.585365853658
1996,Richmond,75650.0
1996,Rockland,25867.4358974359
1996,Saint Lawrence,4185.932203389831
1996,Saratoga,10465.636363636364
1996,Schenectady,15331.219512195123
1996,Schoharie,3667.4074074074074
1996,Schuyler,3597.6190476190477
1996,Seneca,9004.666666666666
1996,Steuben,7993.969230769231
1996,Suffolk,21190.73394495413
1996,Sullivan,5535.405405405405
1996,Tioga,12582.068965517241
1996,Tompkins,8237.878787878788
1996,Ulster,6297.40157480315
1996,Warren,16138.181818181818
1996,Washington,5690.357142857143
1996,Wayne,5138.484848484848
1996,Westchester,16620.284974093265
1996,Wyoming,3310.0
1996,Yates,3263.75
1997,Albany,19239.80198019802
1997,Allegany,3019.5833333333335
1997,Bronx,61413.055555555555
1997,Broome,10368.615384615385
1997,Cattaraugus,5371.071428571428
1997,Cayuga,6717.446808510638
1997,Chautauqua,6923.522727272727
1997,Chemung,9426.818181818182
1997,Chenango,4358.064516129032
1997,Clinton,6127.176470588235
1997,Columbia,13620.0
1997,Cortland,6938.0952380952385
1997,Delaware,3869.1304347826085
1997,Dutchess,11788.809523809523
1997,Erie,21251.202702702703
1997,Essex,3068.0
1997,Franklin,4476.428571428572
1997,Fulton,5652.0
1997,Genesee,8670.51282051282
1997,Greene,7189.142857142857
1997,Hamilton,1265.0
1997,Herkimer,7898.695652173913
1997,Jefferson,9799.627329192546
1997,Kings,85951.5
1997,Lewis,3173.703703703704
1997,Livingston,6653.076923076923
1997,Madison,7275.405405405405
1997,Monroe,23094.809523809523
1997,Montgomery,6896.206896551724
1997,Nassau,74938.44827586207
1997,New York,98285.65217391304
1997,Niagara,8563.714285714286
1997,Oneida,8376.588235294117
1997,Onondaga,13638.588957055215
1997,Ontario,13460.0
1997,Orange,17993.44827586207
1997,Orleans,2722.608695652174
1997,Oswego,6715.098039215686
1997,Otsego,6131.764705882353
1997,Putnam,15643.157894736842
1997,Queens,92849.83050847458
1997,Rensselaer,21438.94472361809
1997,Richmond,64526.42857142857
1997,Rockland,23231.428571428572
1997,Saint Lawrence,4696.5
1997,Saratoga,10874.307692307691
1997,Schenectady,11638.421052631578
1997,Schoharie,3777.7419354838707
1997,Schuyler,3257.3333333333335
1997,Seneca,9897.142857142857
1997,Steuben,7473.195121951219
1997,Suffolk,31912.80701754386
1997,Sullivan,7250.0
1997,Tioga,10513.191489361701
1997,Tompkins,9220.37037037037
1997,Ulster,8760.744680851063
1997,Warren,5304.565217391304
1997,Washington,4360.0
1997,Wayne,5895.833333333333
1997,Westchester,34249.19642857143
1997,Wyoming,2907.2413793103447
1997,Yates,4071.5384615384614
1998,Albany,22453.757225433525
1998,Allegany,3927.8947368421054
1998,Bronx,30036.26168224299
1998,Broome,11486.220472440946
1998,Cattaraugus,2176.6875
1998,Cayuga,3963.4375
1998,Chautauqua,3069.9586776859505
1998,Chemung,5727.8125
1998,Chenango,2485.818181818182
1998,Clinton,5135.740740740741
1998,Columbia,6714.615384615385
1998,Cortland,2621.7567567567567
1998,Delaware,1825.0537634408602
1998,Dutchess,12779.166666666666
1998,Erie,9394.251497005987
1998,Essex,4185.294117647059
1998,Franklin,3315.595238095238
1998,Fulton,4304.04255319149
1998,Genesee,6944.727272727273
1998,Greene,7173.461538461538
1998,Hamilton,1049.0
1998,Herkimer,4010.8571428571427
1998,Jefferson,7176.260606060606
1998,Kings,48797.42424242424
1998,Lewis,2121.7021276595747
1998,Livingston,3033.265306122449
1998,Madison,4700.0
1998,Monroe,16884.97409326425
1998,Montgomery,7403.768115942029
1998,Nassau,24549.081632653062
1998,New York,59024.892857142855
1998,Niagara,5926.376811594203
1998,Oneida,7449.7307692307695
1998,Onondaga,16417.630662020907
1998,Ontario,9598.23076923077
1998,Orange,16357.926829268292
1998,Orleans,2534.864864864865
1998,Oswego,4904.561403508772
1998,Otsego,4490.5084745762715
1998,Putnam,18404.583333333332
1998,Queens,58385.67901234568
1998,Rensselaer,20303.698630136987
1998,Richmond,31694.285714285714
1998,Rockland,38829.41176470588
1998,Saint Lawrence,2820.977011494253
1998,Saratoga,10333.20610687023
1998,Schenectady,15631.777777777777
1998,Schoharie,2582.5
1998,Schuyler,3291.4285714285716
1998,Seneca,4522.222222222223
1998,Steuben,8122.666666666667
1998,Suffolk,15689.274691358025
1998,Sullivan,4703.185714285714
1998,Tioga,10988.0
1998,Tompkins,6091.248
1998,Ulster,13772.307692307691
1998,Warren,10441.666666666666
1998,Washington,4574.333333333333
1998,Wayne,5216.95652173913
1998,Westchester,41785.208333333336
1998,Wyoming,1610.7575757575758
1998,Yates,3657.8571428571427
1999,Albany,15968.061224489797
1999,Allegany,1474.3661971830986
1999,Bronx,23283.48
1999,Broome,13114.672897196262
1999,Cattaraugus,3948.769230769231
1999,Cayuga,2794.8314606741574
1999,Chautauqua,4023.5114503816794
1999,Chemung,5395.777777777777
1999,Chenango,2222.0408163265306
1999,Clinton,5476.891891891892
1999,Columbia,5990.689655172414
1999,Cortland,3502.3684210526317
1999,Delaware,2401.6666666666665
1999,Dutchess,9659.154320987655
1999,Erie,18702.37992831541
1999,Essex,1788.75
1999,Franklin,4212.195121951219
1999,Fulton,4849.3877551020405
1999,Genesee,6991.428571428572
1999,Greene,10467.222222222223
1999,Hamilton,1361.4285714285713
1999,Herkimer,4346.571428571428
1999,Jefferson,9136.220588235294
1999,Kings,25148.634146341465
1999,Lewis,2188.3050847457625
1999,Livingston,6203.939393939394
1999,Madison,5483.389830508475
1999,Monroe,10527.72268907563
1999,Montgomery,5677.529411764706
1999,Nassau,40392.08653846154
1999,New York,28470.557939914164
1999,Niagara,8154.033613445378
1999,Oneida,9180.16393442623
1999,Onondaga,11316.432432432432
1999,Ontario,5302.589285714285
1999,Orange,20890.924242424244
1999,Orleans,2149.722222222222
1999,Oswego,2081.732673267327
1999,Otsego,4820.121951219512
1999,Putnam,16620.47619047619
1999,Queens,37242.64160401002
1999,Rensselaer,7448.448275862069
1999,Richmond,20052.315789473683
1999,Rockland,19930.425531914894
1999,Saint Lawrence,4313.644859813084
1999,Saratoga,15092.0
1999,Schenectady,13198.461538461539
1999,Schoharie,3106.6666666666665
1999,Schuyler,2498.3333333333335
1999,Seneca,2675.0232558139537
1999,Steuben,3878.3826086956524
1999,Suffolk,21386.534090909092
1999,Sullivan,1758.1666666666667
1999,Tioga,6140.273972602739
1999,Tompkins,2506.55900621118
1999,Ulster,10098.527918781725
1999,Warren,14284.21052631579
1999,Washington,6272.333333333333
1999,Wayne,2084.2718446601943
1999,Westchester,14862.594684385382
1999,Wyoming,2464.074074074074
1999,Yates,2286.6666666666665
2000,Albany,23824.8
2000,Allegany,1344.8157894736842
2000,Bronx,31305.79487179487
2000,Broome,4437.343137254902
2000,Cattaraugus,1937.642857142857
2000,Cayuga,8281.555555555555
2000,Chautauqua,4869.641791044776
2000,Chemung,4908.263736263736
2000,Chenango,3687.4
2000,Clinton,4102.9775280898875
2000,Columbia,14383.285714285714
2000,Cortland,2887.1
2000,Delaware,2969.7916666666665
2000,Dutchess,7077.770992366412
2000,Erie,13574.836734693878
2000,Essex,2757.9473684210525
2000,Franklin,2746.8076923076924
2000,Fulton,1873.934065934066
2000,Genesee,6074.123076923077
2000,Greene,7658.594594594595
2000,Hamilton,1162.0
2000,Herkimer,6361.929577464789
2000,Jefferson,10408.32142857143
2000,Kings,27048.194029850747
2000,Lewis,1458.7164179104477
2000,Livingston,4065.6447368421054
2000,Madison,4217.868421052632
2000,Monroe,13980.267441860466
2000,Montgomery,5493.2467532467535
2000,Nassau,26187.2268907563
2000,New York,138361.0909090909
2000,Niagara,7960.54794520548
2000,Oneida,9613.169811320755
2000,Onondaga,11710.879396984925
2000,Ontario,7257.3015873015875
2000,Orange,17721.01785714286
2000,Orleans,1460.5227272727273
2000,Oswego,3955.9324324324325
2000,Otsego,3240.021276595745
2000,Putnam,13156.818181818182
2000,Queens,39562.811594202896
2000,Rensselaer,7661.803278688524
2000,Richmond,26390.894736842107
2000,Rockland,19705.05128205128
2000,Saint Lawrence,1556.5839416058395
2000,Saratoga,13205.775862068966
2000,Schenectady,8958.619047619048
2000,Schoharie,3364.09375
2000,Schuyler,1950.4666666666667
2000,Seneca,4729.944444444444
2000,Steuben,3975.25
2000,Suffolk,24031.24262295082
2000,Sullivan,3107.688888888889
2000,Tioga,3918.5625
2000,Tompkins,4641.389830508475
2000,Ulster,11052.138888888889
2000,Warren,6645.0
2000,Washington,4096.75
2000,Wayne,3201.6666666666665
2000,Westchester,35078.69655172414
2000,Wyoming,1518.9054054054054
2000,Yates,2834.5555555555557
2001,Albany,16831.496551724136
2001,Allegany,2156.2
2001,Bronx,27776.862857142856
2001,Broome,8678.336448598131
2001,Cattaraugus,4034.7978723404253
2001,Cayuga,5468.9
2001,Chautauqua,4848.136363636364
2001,Chemung,6678.68018018018
2001,Chenango,3420.7619047619046
2001,Clinton,3695.469696969697
2001,Columbia,6146.555555555556
2001,Cortland,6659.823529411765
2001,Delaware,3112.3636363636365
2001,Dutchess,15243.375
2001,Erie,19118.941580756014
2001,Essex,3291.173076923077
2001,Franklin,4130.272727272727
2001,Fulton,5212.441860465116
2001,Genesee,5726.098591549296
2001,Greene,5227.888888888889
2001,Hamilton,1224.4
2001,Herkimer,4649.754716981132
2001,Jefferson,4063.74358974359
2001,Kings,29781.18493150685
2001,Lewis,1562.8108108108108
2001,Livingston,3048.0
2001,Madison,5617.806451612903
2001,Monroe,17816.805194805194
2001,Montgomery,5098.25
2001,Nassau,17418.266467065867
2001,New York,34200.46323529412
2001,Niagara,7459.276923076923
2001,Oneida,6199.845303867403
2001,Onondaga,13932.833333333334
2001,Ontario,10230.672131147541
2001,Orange,23187.798319327732
2001,Orleans,1975.985294117647
2001,Oswego,6676.042105263158
2001,Otsego,4289.057142857143
2001,Putnam,18447.272727272728
2001,Queens,36890.434782608696
2001,Rensselaer,7364.276315789473
2001,Richmond,29740.93442622951
2001,Rockland,34175.604166666664
2001,Saint Lawrence,2098.910447761194
2001,Saratoga,6777.63779527559
2001,Schenectady,12983.28
2001,Schoharie,4709.7692307692305
2001,Schuyler,1731.16
2001,Seneca,6154.68
2001,Steuben,5364.817307692308
2001,Suffolk,16385.493902439026
2001,Sullivan,8454.95652173913
2001,Tioga,4737.685714285714
2001,Tompkins,9779.117647058823
2001,Ulster,15180.575757575758
2001,Warren,5150.823529411765
2001,Washington,2688.4565217391305
2001,Wayne,3283.82
2001,Westchester,34936.31034482759
2001,Wyoming,1990.7674418604652
2001,Yates,3476.5
2002,Albany,23889.08148148148
2002,Allegany,1313.1160714285713
2002,Bronx,34241.913043478264
2002,Broome,13323.685185185184
2002,Cattaraugus,2127.4718309859154
2002,Cayuga,5386.775510204082
2002,Chautauqua,5844.93388429752
2002,Chemung,7258.368098159509
2002,Chenango,1621.3971631205675
2002,Clinton,7306.0
2002,Columbia,6986.081632653061
2002,Cortland,4295.282608695652
2002,Delaware,1402.9391304347826
2002,Dutchess,13781.871287128713
2002,Erie,13533.061583577713
2002,Essex,2530.153846153846
2002,Franklin,2941.125
2002,Fulton,4237.276595744681
2002,Genesee,5891.859154929577
2002,Greene,8615.09090909091
2002,Hamilton,917.3333333333334
2002,Herkimer,3311.1932773109243
2002,Jefferson,7326.379310344828
2002,Kings,27364.8018018018
2002,Lewis,1924.9259259259259
2002,Livingston,4240.622950819672
2002,Madison,5512.044444444445
2002,Monroe,14200.710144927536
2002,Montgomery,5607.970370370371
2002,Nassau,28935.01724137931
2002,New York,31352.330827067668
2002,Niagara,7722.925619834711
2002,Oneida,7096.162790697675
2002,Onondaga,17959.4064171123
2002,Ontario,7694.569620253164
2002,Orange,15153.663636363637
2002,Orleans,2244.75
2002,Oswego,4880.851851851852
2002,Otsego,5504.65306122449
2002,Putnam,15710.52380952381
2002,Queens,33404.4450867052
2002,Rensselaer,22528.541666666668
2002,Richmond,23052.533333333333
2002,Rockland,26167.74193548387
2002,Saint Lawrence,3811.573529411765
2002,Saratoga,9949.266666666666
2002,Schenectady,13548.975609756097
2002,Schoharie,1948.0
2002,Schuyler,676.5384615384615
2002,Seneca,6961.37037037037
2002,Steuben,2512.5767441860467
2002,Suffolk,25612.372093023256
2002,Sullivan,3024.6710526315787
2002,Tioga,4635.726315789474
2002,Tompkins,6197.137931034483
2002,Ulster,11972.502762430939
2002,Warren,11305.34090909091
2002,Washington,3744.406976744186
2002,Wayne,3548.0697674418607
2002,Westchester,15665.031645569621
2002,Wyoming,2506.255319148936
2002,Yates,1229.8064516129032
2003,Albany,19671.5625
2003,Allegany,1461.7539682539682
2003,Bronx,35647.0
2003,Broome,6446.238095238095
2003,Cattaraugus,2670.768292682927
2003,Cayuga,8590.27536231884
2003,Chautauqua,4644.4055944055945
2003,Chemung,5384.08988764045
2003,Chenango,2041.1008403361345
2003,Clinton,6813.517857142857
2003,Columbia,16757.833333333332
2003,Cortland,3453.214285714286
2003,Delaware,1866.1935483870968
2003,Dutchess,13105.28125
2003,Erie,20418.83904109589
2003,Essex,2676.785714285714
2003,Franklin,1584.9710144927535
2003,Fulton,3874.2
2003,Genesee,7908.6875
2003,Greene,7871.794117647059
2003,Hamilton,2894.0
2003,Herkimer,5988.985507246377
2003,Jefferson,6915.732758620689
2003,Kings,23442.496551724136
2003,Lewis,1876.8648648648648
2003,Livingston,4392.268292682927
2003,Madison,3013.0251572327043
2003,Monroe,24332.62393162393
2003,Montgomery,7044.690476190476
2003,Nassau,31151.456521739132
2003,New York,60658.73333333333
2003,Niagara,7262.2786885245905
2003,Oneida,8570.226890756303
2003,Onondaga,14306.801418439716
2003,Ontario,10236.838709677419
2003,Orange,18930.933333333334
2003,Orleans,1541.25
2003,Oswego,5715.808510638298
2003,Otsego,2564.330097087379
2003,Putnam,15725.8
2003,Queens,39034.04294478527
2003,Rensselaer,8367.15
2003,Richmond,25079.17948717949
2003,Rockland,24227.62962962963
2003,Saint Lawrence,3109.7450980392155
2003,Saratoga,5852.628571428571
2003,Schenectady,10538.4
2003,Schoharie,5290.416666666667
2003,Schuyler,1066.6914893617022
2003,Seneca,6631.8
2003,Steuben,2559.531073446328
2003,Suffolk,26068.19191919192
2003,Sullivan,3596.392592592593
2003,Tioga,2476.829268292683
2003,Tompkins,10876.047619047618
2003,Ulster,17170.08695652174
2003,Warren,6002.391304347826
2003,Washington,1752.7818181818182
2003,Wayne,3863.897435897436
2003,Westchester,24604.245098039217
2003,Wyoming,2848.814814814815
2003,Yates,2002.55
2004,Albany,17637.23015873016
2004,Allegany,1772.3544303797469
2004,Bronx,22234.880733944956
2004,Broome,9169.692307692309
2004,Cattaraugus,3390.8260869565215
2004,Cayuga,6096.82
2004,Chautauqua,5452.729508196721
2004,Chemung,7333.543689320389
2004,Chenango,1534.7898550724638
2004,Clinton,5495.535714285715
2004,Columbia,5710.25
2004,Cortland,7480.818181818182
2004,Delaware,1633.090909090909
2004,Dutchess,13943.355555555556
2004,Erie,13370.63137254902
2004,Essex,3240.137931034483
2004,Franklin,3234.313432835821
2004,Fulton,2757.1048387096776
2004,Genesee,7891.191489361702
2004,Greene,9865.652173913044
2004,Hamilton,1316.6666666666667
2004,Herkimer,5152.0625
2004,Jefferson,5239.699152542373
2004,Kings,15548.791079812207
2004,Lewis,1175.0727272727272
2004,Livingston,6073.977272727273
2004,Madison,2269.365517241379
2004,Monroe,16487.151750972764
2004,Montgomery,5757.149253731343
2004,Nassau,12939.367123287671
2004,New York,28076.886363636364
2004,Niagara,6998.8705035971225
2004,Oneida,6669.422641509434
2004,Onondaga,11864.407843137255
2004,Ontario,15241.15
2004,Orange,26224.08695652174
2004,Orleans,3323.733333333333
2004,Oswego,5548.864583333333
2004,Otsego,2077.853211009174
2004,Putnam,17647.0
2004,Queens,27780.17711171662
2004,Rensselaer,5559.165413533835
2004,Richmond,27794.671641791047
2004,Rockland,34414.40909090909
2004,Saint Lawrence,1932.3417721518988
2004,Saratoga,5741.193548387097
2004,Schenectady,14868.804347826086
2004,Schoharie,2157.483333333333
2004,Schuyler,883.0
2004,Seneca,5893.125
2004,Steuben,6134.064516129032
2004,Suffolk,17726.286075949367
2004,Sullivan,3663.2602739726026
2004,Tioga,3581.8571428571427
2004,Tompkins,9313.542372881357
2004,Ulster,17840.896551724138
2004,Warren,8758.514285714286
2004,Washington,2525.5692307692307
2004,Wayne,7495.619047619048
2004,Westchester,20605.84375
2004,Wyoming,4336.0625
2004,Yates,1218.4054054054054
2005,Albany,22840.495145631066
2005,Allegany,1525.6582278481012
2005,Bronx,30829.77099236641
2005,Broome,7273.111801242236
2005,Cattaraugus,2425.227722772277
2005,Cayuga,6256.767441860465
2005,Chautauqua,3475.6508620689656
2005,Chemung,6534.653333333334
2005,Chenango,1334.57
2005,Clinton,4618.8125
2005,Columbia,5952.612903225807
2005,Cortland,5938.931818181818
2005,Delaware,1447.504347826087
2005,Dutchess,6035.531690140845
2005,Erie,13703.274223034736
2005,Essex,3505.695652173913
2005,Franklin,2242.116666666667
2005,Fulton,4613.363636363636
2005,Genesee,4630.2868217054265
2005,Greene,8960.96
2005,Hamilton,1264.5833333333333
2005,Herkimer,4282.18018018018
2005,Jefferson,5367.350649350649
2005,Kings,19858.51461988304
2005,Lewis,1084.3970588235295
2005,Livingston,3027.4555555555557
2005,Madison,2339.986301369863
2005,Monroe,14469.828478964402
2005,Montgomery,7819.851485148515
2005,Nassau,19611.408759124086
2005,New York,20978.690566037734
2005,Niagara,819.6263705369694
2005,Oneida,7502.379912663755
2005,Onondaga,10897.37688442211
2005,Ontario,6996.559523809524
2005,Orange,15125.646153846154
2005,Orleans,2457.45
2005,Oswego,3980.9875
2005,Otsego,3586.8571428571427
2005,Putnam,12442.212121212122
2005,Queens,28559.81557377049
2005,Rensselaer,6108.112068965517
2005,Richmond,23941.98780487805
2005,Rockland,35963.92682926829
2005,Saint Lawrence,1821.8684210526317
2005,Saratoga,8597.306451612903
2005,Schenectady,12160.354166666666
2005,Schoharie,1635.6949152542372
2005,Schuyler,2452.0
2005,Seneca,7710.363636363636
2005,Steuben,1900.4252336448599
2005,Suffolk,18244.854748603353
2005,Sullivan,2874.298387096774
2005,Tioga,11964.28947368421
2005,Tompkins,7050.25
2005,Ulster,10156.471861471862
2005,Warren,4441.416666666667
2005,Washington,5214.176470588235
2005,Wayne,3040.1311475409834
2005,Westchester,15721.147727272728
2005,Wyoming,1962.1836734693877
2005,Yates,1293.468085106383
2006,Albany,13787.7
2006,Allegany,1632.2233009708739
2006,Bronx,39332.66176470588
2006,Broome,5084.666666666667
2006,Cattaraugus,1893.2105263157894
2006,Cayuga,4796.969696969697
2006,Chautauqua,2914.7914110429447
2006,Chemung,5585.518518518518
2006,Chenango,1467.1037735849056
2006,Clinton,4120.605263157895
2006,Columbia,9136.0
2006,Cortland,4144.734375
2006,Delaware,2098.4418604651164
2006,Dutchess,7029.6551724137935
2006,Erie,9732.606589147286
2006,Essex,2994.423076923077
2006,Franklin,4774.04
2006,Fulton,4292.241379310345
2006,Genesee,6321.0847457627115
2006,Greene,7603.5
2006,Hamilton,1644.4285714285713
2006,Herkimer,6426.25
2006,Jefferson,3596.845588235294
2006,Kings,27968.482352941177
2006,Lewis,4148.5625
2006,Livingston,5495.75
2006,Madison,6576.090909090909
2006,Monroe,10047.247148288974
2006,Montgomery,5747.7692307692305
2006,Nassau,30882.0
2006,New York,44382.90476190476
2006,Niagara,4408.037914691943
2006,Oneida,9534.044943820225
2006,Onondaga,14732.385826771653
2006,Ontario,6246.3442622950815
2006,Orange,8536.973154362417
2006,Orleans,2043.5714285714287
2006,Oswego,2747.312977099237
2006,Otsego,3280.7450980392155
2006,Putnam,14686.64705882353
2006,Queens,37949.03846153846
2006,Rensselaer,15476.99319727891
2006,Richmond,26637.377358490565
2006,Rockland,21652.45945945946
2006,Saint Lawrence,4511.917808219178
2006,Saratoga,7652.158730158731
2006,Schenectady,7756.090909090909
2006,Schoharie,1731.6533333333334
2006,Schuyler,1239.857142857143
2006,Seneca,4081.6190476190477
2006,Steuben,2687.676646706587
2006,Suffolk,15054.563025210084
2006,Sullivan,2345.5405405405404
2006,Tioga,8848.277777777777
2006,Tompkins,7075.3050847457625
2006,Ulster,4950.741758241758
2006,Warren,6181.976744186047
2006,Washington,4603.4
2006,Wayne,2864.8823529411766
2006,Westchester,12697.833333333334
2006,Wyoming,2825.5
2006,Yates,2430.1290322580644
2007,Albany,17676.423076923078
2007,Allegany,2557.7727272727275
2007,Bronx,31100.244444444445
2007,Broome,12677.544554455446
2007,Cattaraugus,3816.230769230769
2007,Cayuga,13237.555555555555
2007,Chautauqua,4110.39010989011
2007,Chemung,3484.5038167938933
2007,Chenango,1926.264705882353
2007,Clinton,3987.2871287128714
2007,Columbia,7105.421052631579
2007,Cortland,7591.105263157895
2007,Delaware,1296.6506024096386
2007,Dutchess,4383.581673306773
2007,Erie,11966.317262830482
2007,Essex,4301.739130434783
2007,Franklin,5793.933333333333
2007,Fulton,3401.7685185185187
2007,Genesee,6672.775510204082
2007,Greene,8696.466666666667
2007,Hamilton,1246.7777777777778
2007,Herkimer,4546.553846153846
2007,Jefferson,2914.1032258064515
2007,Kings,27259.075862068967
2007,Lewis,2130.153846153846
2007,Livingston,3014.265060240964
2007,Madison,5365.424242424242
2007,Monroe,15148.5
2007,Montgomery,3393.049645390071
2007,Nassau,26011.35652173913
2007,New York,43673.546875
2007,Niagara,5569.062146892656
2007,Oneida,8336.153284671533
2007,Onondaga,13640.65034965035
2007,Ontario,10072.40625
2007,Orange,22398.253731343284
2007,Orleans,1707.904761904762
2007,Oswego,7825.5
2007,Otsego,3781.240740740741
2007,Putnam,16950.0
2007,Queens,34514.48538011696
2007,Rensselaer,24869.954545454544
2007,Richmond,38517.448979591834
2007,Rockland,64824.13043478261
2007,Saint Lawrence,2020.157894736842
2007,Saratoga,6087.983516483517
2007,Schenectady,12142.714285714286
2007,Schoharie,1818.72131147541
2007,Schuyler,804.2021276595744
2007,Seneca,5627.454545454545
2007,Steuben,2716.8030303030305
2007,Suffolk,18900.81724137931
2007,Sullivan,4250.539130434782
2007,Tioga,4049.396226415094
2007,Tompkins,4900.204724409449
2007,Ulster,9146.495238095238
2007,Warren,7851.896551724138
2007,Washington,1920.56
2007,Wayne,3063.2
2007,Westchester,27646.766666666666
2007,Wyoming,2214.756097560976
2007,Yates,2137.24
2008,Albany,18388.18269230769
2008,Allegany,1875.9444444444443
2008,Bronx,16932.632743362832
2008,Broome,8720.913385826772
2008,Cattaraugus,3815.6190476190477
2008,Cayuga,5873.0123456790125
2008,Chautauqua,5790.0952380952385
2008,Chemung,6290.610062893082
2008,Chenango,1454.6158940397352
2008,Clinton,5104.96511627907
2008,Columbia,5049.875
2008,Cortland,4098.289473684211
2008,Delaware,1430.9420289855072
2008,Dutchess,4927.95
2008,Erie,13277.257035647279
2008,Essex,2559.8260869565215
2008,Franklin,3112.9714285714285
2008,Fulton,3619.4827586206898
2008,Genesee,6104.371428571429
2008,Greene,12433.857142857143
2008,Hamilton,838.4615384615385
2008,Herkimer,2814.777777777778
2008,Jefferson,1725.0114285714285
2008,Kings,20009.377049180326
2008,Lewis,1572.095238095238
2008,Livingston,1730.7191011235955
2008,Madison,1469.2276119402984
2008,Monroe,17710.587939698493
2008,Montgomery,4453.342696629214
2008,Nassau,24935.831632653062
2008,New York,25750.433823529413
2008,Niagara,6355.771028037383
2008,Oneida,5841.724014336917
2008,Onondaga,12287.768844221106
2008,Ontario,7852.116883116883
2008,Orange,6138.728045325779
2008,Orleans,1360.4358974358975
2008,Oswego,5389.92
2008,Otsego,2594.6209677419356
2008,Putnam,14309.92
2008,Queens,42280.10900473934
2008,Rensselaer,4601.056451612903
2008,Richmond,21772.895833333332
2008,Rockland,13236.146666666667
2008,Saint Lawrence,1461.6787330316743
2008,Saratoga,4586.314893617021
2008,Schenectady,11582.367346938776
2008,Schoharie,2049.2558139534885
2008,Schuyler,2690.75
2008,Seneca,6113.970588235294
2008,Steuben,6539.35
2008,Suffolk,18156.64285714286
2008,Sullivan,3303.375
2008,Tioga,4421.16
2008,Tompkins,4841.433070866142
2008,Ulster,5681.288043478261
2008,Warren,13005.8
2008,Washington,3934.1346153846152
2008,Wayne,3455.74358974359
2008,Westchester,11641.117486338799
2008,Wyoming,1499.280701754386
2008,Yates,2625.705882352941
2009,Albany,10221.20792079208
2009,Allegany,1170.3631578947368
2009,Bronx,22066.333333333332
2009,Broome,7634.624242424243
2009,Cattaraugus,2273.7948717948716
2009,Cayuga,3763.904109589041
2009,Chautauqua,3017.7645631067962
2009,Chemung,2600.517948717949
2009,Chenango,1404.686567164179
2009,Clinton,2377.441340782123
2009,Columbia,5115.760869565217
2009,Cortland,1849.1017964071857
2009,Delaware,1652.8823529411766
2009,Dutchess,6895.37556561086
2009,Erie,10546.360294117647
2009,Essex,2553.029411764706
2009,Franklin,4669.682926829269
2009,Fulton,3423.229885057471
2009,Genesee,6515.699115044248
2009,Greene,6550.34375
2009,Hamilton,1589.9473684210527
2009,Herkimer,3639.6483516483518
2009,Jefferson,5763.23046875
2009,Kings,10741.12526539278
2009,Lewis,1609.2222222222222
2009,Livingston,2753.3636363636365
2009,Madison,2950.714285714286
2009,Monroe,11103.955294117646
2009,Montgomery,3468.722222222222
2009,Nassau,9325.179347826086
2009,New York,20800.13142857143
2009,Niagara,4770.761904761905
2009,Oneida,4684.527377521614
2009,Onondaga,12741.324074074075
2009,Ontario,5752.85596707819
2009,Orange,9523.16911764706
2009,Orleans,1718.5151515151515
2009,Oswego,2269.955882352941
2009,Otsego,3597.3232323232323
2009,Putnam,6577.879518072289
2009,Queens,23954.020833333332
2009,Rensselaer,3721.44262295082
2009,Richmond,18769.466666666667
2009,Rockland,9272.077669902912
2009,Saint Lawrence,1216.8793774319065
2009,Saratoga,6942.752808988764
2009,Schenectady,10935.745762711864
2009,Schoharie,3840.4883720930234
2009,Schuyler,1774.4307692307693
2009,Seneca,2408.5172413793102
2009,Steuben,2158.9223300970875
2009,Suffolk,31131.732394366198
2009,Sullivan,2848.339393939394
2009,Tioga,2760.8990825688074
2009,Tompkins,3805.923728813559
2009,Ulster,4938.981707317073
2009,Warren,8016.333333333333
2009,Washington,4635.583333333333
2009,Wayne,2972.2020202020203
2009,Westchester,8724.88854489164
2009,Wyoming,1567.0298507462687
2009,Yates,2654.8536585365855
2010,Albany,8538.294498381878
2010,Allegany,1207.7349397590363
2010,Bronx,12209.120967741936
2010,Broome,5977.0893617021275
2010,Cattaraugus,3140.725490196078
2010,Cayuga,3406.2162162162163
2010,Chautauqua,2370.851063829787
2010,Chemung,5907.513812154696
2010,Chenango,2208.3617021276596
2010,Clinton,4908.171875
2010,Columbia,4865.131578947368
2010,Cortland,3517.1372549019607
2010,Delaware,3242.472222222222
2010,Dutchess,4145.1908396946565
2010,Erie,8638.397260273972
2010,Essex,1534.5675675675675
2010,Franklin,2880.337837837838
2010,Fulton,2715.5447154471544
2010,Genesee,3285.427272727273
2010,Greene,2906.883333333333
2010,Hamilton,1171.0526315789473
2010,Herkimer,4428.424242424242
2010,Jefferson,4216.333333333333
2010,Kings,14711.366795366795
2010,Lewis,2185.8
2010,Livingston,2049.1847826086955
2010,Madison,2957.5116279069766
2010,Monroe,10155.38768115942
2010,Montgomery,2693.6601307189544
2010,Nassau,9777.214592274679
2010,New York,16088.664451827242
2010,Niagara,691.8308977035491
2010,Oneida,5132.6150793650795
2010,Onondaga,6147.656637168142
2010,Ontario,7744.608695652174
2010,Orange,5264.230352303523
2010,Orleans,1579.1875
2010,Oswego,3125.7397260273974
2010,Otsego,3396.240740740741
2010,Putnam,7772.129032258064
2010,Queens,31015.765690376567
2010,Rensselaer,11042.952606635072
2010,Richmond,21911.14893617021
2010,Rockland,8016.5
2010,Saint Lawrence,1550.958174904943
2010,Saratoga,4157.280269058296
2010,Schenectady,8166.074074074074
2010,Schoharie,2532.285714285714
2010,Schuyler,1254.75
2010,Seneca,4151.648648648648
2010,Steuben,2165.237113402062
2010,Suffolk,6848.845588235294
2010,Sullivan,8621.779411764706
2010,Tioga,2261.752808988764
2010,Tompkins,3548.3052959501556
2010,Ulster,5082.718309859155
2010,Warren,3477.691489361702
2010,Washington,3604.85
2010,Wayne,1719.041095890411
2010,Westchester,7353.490445859873
2010,Wyoming,1829.962962962963
2010,Yates,1105.553846153846
2011,Albany,12370.925531914894
2011,Allegany,1090.6146788990825
2011,Bronx,18954.233870967742
2011,Broome,6505.7226277372265
2011,Cattaraugus,1877.9
2011,Cayuga,4746.603773584906
2011,Chautauqua,2876.0675105485234
2011,Chemung,5722.876543209876
2011,Chenango,2432.65625
2011,Clinton,4804.4655172413795
2011,Columbia,3694.0526315789475
2011,Cortland,4201.75
2011,Delaware,1620.6153846153845
2011,Dutchess,6295.907834101383
2011,Erie,9812.803198031981
2011,Essex,1272.5068493150684
2011,Franklin,2037.891304347826
2011,Fulton,2545.735294117647
2011,Genesee,3454.17
2011,Greene,9949.9
2011,Hamilton,498.63157894736844
2011,Herkimer,3113.469387755102
2011,Jefferson,2597.875
2011,Kings,16134.290909090909
2011,Lewis,780.3375
2011,Livingston,962.35
2011,Madison,1641.5285714285715
2011,Monroe,7963.646892655367
2011,Montgomery,5182.351851851852
2011,Nassau,10231.46017699115
2011,New York,25602.983695652172
2011,Niagara,3265.768313458262
2011,Oneida,5457.228070175439
2011,Onondaga,7725.143459915612
2011,Ontario,10290.7
2011,Orange,4824.572597137014
2011,Orleans,1391.6666666666667
2011,Oswego,2905.1159420289855
2011,Otsego,2501.8196721311474
2011,Putnam,12142.897435897436
2011,Queens,16311.807754442649
2011,Rensselaer,6042.508771929824
2011,Richmond,12457.14184397163
2011,Rockland,8603.433460076045
2011,Saint Lawrence,1225.5381355932204
2011,Saratoga,4715.853242320819
2011,Schenectady,8091.028571428571
2011,Schoharie,2234.0789473684213
2011,Schuyler,1261.3584905660377
2011,Seneca,4575.264150943396
2011,Steuben,2906.5040650406504
2011,Suffolk,10528.232919254659
2011,Sullivan,3644.6216216216217
2011,Tioga,14306.567567567568
2011,Tompkins,3744.2258064516127
2011,Ulster,6258.502617801048
2011,Warren,7615.212765957447
2011,Washington,1946.3333333333333
2011,Wayne,1895.132530120482
2011,Westchester,7368.176470588235
2011,Wyoming,1136.857142857143
2011,Yates,1008.2708333333334
2012,Albany,18654.6
2012,Allegany,1045.0625
2012,Bronx,58075.333333333336
2012,Broome,6329.706896551724
2012,Cattaraugus,2533.6486486486488
2012,Cayuga,14990.272727272728
2012,Chautauqua,3300.4565217391305
2012,Chemung,1038.2619047619048
2012,Chenango,3813.2884615384614
2012,Clinton,3866.550561797753
2012,Columbia,15297.6
2012,Cortland,2966.214285714286
2012,Delaware,4602.0
2012,Dutchess,3701.8152492668623
2012,Erie,13260.44626593807
2012,Essex,5125.333333333333
2012,Franklin,11966.333333333334
2012,Fulton,3800.8333333333335
2012,Genesee,30816.0
2012,Greene,21217.166666666668
2012,Hamilton,1254.6666666666667
2012,Herkimer,3032.368715083799
2012,Jefferson,2549.3137254901962
2012,Kings,5071.411764705882
2012,Lewis,1008.25
2012,Livingston,1939.878787878788
2012,Madison,2348.497512437811
2012,Monroe,38336.08
2012,Montgomery,3426.635922330097
2012,Nassau,23462.478260869564
2012,New York,98545.0
2012,Niagara,4652.392592592592
2012,Oneida,4388.3102310231025
2012,Onondaga,12304.984962406015
2012,Ontario,26992.333333333332
2012,Orange,12730.913978494624
2012,Orleans,
2012,Oswego,2838.5263157894738
2012,Otsego,5847.117647058823
2012,Putnam,14790.0
2012,Queens,71565.44444444444
2012,Rensselaer,7980.0
2012,Richmond,84947.4
2012,Rockland,28896.418604651164
2012,Saint Lawrence,742.948905109489
2012,Saratoga,3816.7429906542056
2012,Schenectady,6044.921568627451
2012,Schoharie,7063.333333333333
2012,Schuyler,2785.2631578947367
2012,Seneca,5322.909090909091
2012,Steuben,2631.029702970297
2012,Suffolk,33281.36363636364
2012,Sullivan,12528.666666666666
2012,Tioga,1215.483870967742
2012,Tompkins,22205.333333333332
2012,Ulster,16304.761904761905
2012,Warren,13374.923076923076
2012,Washington,7097.25
2012,Wayne,1829.0
2012,Westchester,17825.809523809523
2012,Wyoming,1576.0
2012,Yates,1129.5263157894738
2013,Albany,14860.443609022557
2013,Allegany,1665.148148148148
2013,Bronx,37365.73684210526
2013,Broome,3692.7020408163266
2013,Cattaraugus,1541.9245283018868
2013,Cayuga,4240.4375
2013,Chautauqua,2003.0480274442539
2013,Chemung,5966.370820668693
2013,Chenango,2216.6911764705883
2013,Clinton,5600.448275862069
2013,Columbia,977.9847328244275
2013,Cortland,2117.901960784314
2013,Delaware,1024.7761194029852
2013,Dutchess,3128.9134396355353
2013,Erie,9675.033333333333
2013,Essex,1746.2727272727273
2013,Franklin,3529.6428571428573
2013,Fulton,4696.2830188679245
2013,Genesee,11458.055555555555
2013,Greene,3289.2608695652175
2013,Hamilton,925.375
2013,Herkimer,4448.265060240964
2013,Jefferson,1132.8814814814814
2013,Kings,11132.290697674418
2013,Lewis,1584.2121212121212
2013,Livingston,3017.6666666666665
2013,Madison,3552.5138888888887
2013,Monroe,8288.047923322683
2013,Montgomery,3286.0
2013,Nassau,13923.880239520959
2013,New York,27484.0
2013,Niagara,4222.478723404255
2013,Oneida,5431.527638190954
2013,Onondaga,7081.80694980695
2013,Ontario,10539.236842105263
2013,Orange,3716.0
2013,Orleans,2419.4736842105262
2013,Oswego,3412.0280373831774
2013,Otsego,1074.9565217391305
2013,Putnam,2635.2093023255816
2013,Queens,9042.76923076923
2013,Rensselaer,4155.160714285715
2013,Richmond,11599.87
2013,Rockland,8547.309210526315
2013,Saint Lawrence,862.0283018867924
2013,Saratoga,3694.9276315789475
2013,Schenectady,8068.888888888889
2013,Schoharie,4937.666666666667
2013,Schuyler,569.4035087719299
2013,Seneca,6504.9375
2013,Steuben,1497.4624277456646
2013,Suffolk,9359.972375690608
2013,Sullivan,3479.5138888888887
2013,Tioga,1825.8285714285714
2013,Tompkins,3241.5
2013,Ulster,6048.987080103359
2013,Warren,2882.121951219512
2013,Washington,927.7222222222222
2013,Wayne,4024.75
2013,Westchester,7000.808139534884
2013,Wyoming,2247.222222222222
2013,Yates,566.9444444444445
2014,Albany,3838.3832335329344
2014,Allegany,1686.13698630137
2014,Bronx,46844.875
2014,Broome,7019.87573964497
2014,Cattaraugus,2984.4263565891474
2014,Cayuga,5221.985915492958
2014,Chautauqua,2541.1349557522126
2014,Chemung,4624.548245614035
2014,Chenango,2377.5324675324673
2014,Clinton,3474.403846153846
2014,Columbia,5010.452380952381
2014,Cortland,1767.9193548387098
2014,Delaware,801.5116279069767
2014,Dutchess,4338.0
2014,Erie,5631.988330341113
2014,Essex,1654.037037037037
2014,Franklin,1159.4489795918366
2014,Fulton,3293.04
2014,Genesee,5762.815384615385
2014,Greene,6282.2307692307695
2014,Hamilton,534.5555555555555
2014,Herkimer,3359.3968253968255
2014,Jefferson,1510.6541786743517
2014,Kings,12522.538461538461
2014,Lewis,1026.6935483870968
2014,Livingston,1349.2763157894738
2014,Madison,1492.936507936508
2014,Monroe,6390.223194748359
2014,Montgomery,2267.728813559322
2014,Nassau,17170.686274509804
2014,New York,12488.966824644549
2014,Niagara,4135.751937984496
2014,Oneida,4574.2375
2014,Onondaga,8305.436464088398
2014,Ontario,4160.050583657588
2014,Orange,5800.167938931298
2014,Orleans,1451.6125
2014,Oswego,2587.1724137931033
2014,Otsego,2815.65625
2014,Putnam,10959.95652173913
2014,Queens,11778.83908045977
2014,Rensselaer,5968.298507462687
2014,Richmond,62195.0
2014,Rockland,8878.591836734693
2014,Saint Lawrence,2217.8817204301076
2014,Saratoga,3593.3955696202534
2014,Schenectady,2527.710801393728
2014,Schoharie,2629.3225806451615
2014,Schuyler,803.7345132743363
2014,Seneca,4883.666666666667
2014,Steuben,4842.4537037037035
2014,Suffolk,6079.8715393134
2014,Sullivan,2787.0281690140846
2014,Tioga,3336.813953488372
2014,Tompkins,3206.0335195530724
2014,Ulster,4455.561797752809
2014,Warren,2077.3903345724907
2014,Washington,1873.034188034188
2014,Wayne,1715.3317535545023
2014,Westchester,9311.361570247935
2014,Wyoming,1423.8947368421052
2014,Yates,1530.6206896551723
2015,Albany,9684.541666666666
2015,Allegany,1312.6057692307693
2015,Bronx,7437.484375
2015,Broome,2539.320463320463
2015,Cattaraugus,1627.9855072463768
2015,Cayuga,3144.755868544601
2015,Chautauqua,2908.081585081585
2015,Chemung,3397.151785714286
2015,Chenango,1518.9324324324325
2015,Clinton,1870.0804597701149
2015,Columbia,1367.7142857142858
2015,Cortland,1831.0837438423646
2015,Delaware,1720.2
2015,Dutchess,3805.3634651600755
2015,Erie,8669.857874519847
2015,Essex,1966.3636363636363
2015,Franklin,1955.89010989011
2015,Fulton,2546.3698630136987
2015,Genesee,3368.738255033557
2015,Greene,5399.473684210527
2015,Hamilton,1577.5
2015,Herkimer,2541.1960784313724
2015,Jefferson,6808.8074074074075
2015,Kings,5327.813602015113
2015,Lewis,936.8545454545455
2015,Livingston,2428.71
2015,Madison,3305.751879699248
2015,Monroe,6175.468599033817
2015,Montgomery,3585.9662162162163
2015,Nassau,3023.4774859287054
2015,New York,7057.975945017182
2015,Niagara,683.8304110376545
2015,Oneida,3835.1178861788617
2015,Onondaga,2900.8316970546985
2015,Ontario,6174.935
2015,Orange,4482.2
2015,Orleans,1277.4375
2015,Oswego,2355.2150537634407
2015,Otsego,1269.1736842105263
2015,Putnam,2453.2758620689656
2015,Queens,5990.076103500761
2015,Rensselaer,10427.436274509804
2015,Richmond,3940.45625
2015,Rockland,3751.5793650793653
2015,Saint Lawrence,1249.8562091503268
2015,Saratoga,5560.086486486486
2015,Schenectady,7290.913978494624
2015,Schoharie,2271.816326530612
2015,Schuyler,1855.7073170731708
2015,Seneca,3591.3478260869565
2015,Steuben,1827.4845679012346
2015,Suffolk,3255.3621581670363
2015,Sullivan,2324.2
2015,Tioga,2598.25
2015,Tompkins,3799.8387096774195
2015,Ulster,3066.7061611374406
2015,Warren,4909.395348837209
2015,Washington,2536.808510638298
2015,Wayne,2008.6815286624203
2015,Westchester,2592.594481605351
2015,Wyoming,1556.842105263158
2015,Yates,1585.2456140350878
2016,Albany,9046.217391304348
2016,Allegany,1952.0142857142857
2016,Bronx,9737.719178082192
2016,Broome,4124.392307692307
2016,Cattaraugus,2074.2302631578946
2016,Cayuga,3535.0853658536585
2016,Chautauqua,2506.1873536299768
2016,Chemung,5999.069565217392
2016,Chenango,1665.9886363636363
2016,Clinton,3109.608695652174
2016,Columbia,2373.948051948052
2016,Cortland,3727.28125
2016,Delaware,1102.6631578947367
2016,Dutchess,3524.387417218543
2016,Erie,12839.80688806888
2016,Essex,1960.862745098039
2016,Franklin,1728.452380952381
2016,Fulton,2535.9932432432433
2016,Genesee,3709.5619047619048
2016,Greene,3214.607476635514
2016,Hamilton,1099.607142857143
2016,Herkimer,3586.0969696969696
2016,Jefferson,2173.2108843537417
2016,Kings,8615.80861244019
2016,Lewis,1826.3617021276596
2016,Livingston,2783.008849557522
2016,Madison,3379.87012987013
2016,Monroe,8980.217557251908
2016,Montgomery,4107.454545454545
2016,Nassau,15957.15037593985
2016,New York,10948.250825082509
2016,Niagara,4165.734375
2016,Oneida,4818.023354564756
2016,Onondaga,7212.354916067146
2016,Ontario,5937.912408759124
2016,Orange,4020.4828897338402
2016,Orleans,1024.6052631578948
2016,Oswego,2595.877192982456
2016,Otsego,2161.5320512820513
2016,Putnam,1375.391304347826
2016,Queens,9423.360583941605
2016,Rensselaer,4982.1016949152545
2016,Richmond,7549.6
2016,Rockland,4306.131004366812
2016,Saint Lawrence,2784.944827586207
2016,Saratoga,5605.869318181818
2016,Schenectady,6944.2474226804125
2016,Schoharie,2741.222222222222
2016,Schuyler,622.4462809917355
2016,Seneca,4732.25
2016,Steuben,2957.075630252101
2016,Suffolk,13098.718213058419
2016,Sullivan,2803.314516129032
2016,Tioga,1885.4880952380952
2016,Tompkins,3495.6237113402062
2016,Ulster,7241.793893129771
2016,Warren,3631.5471698113206
2016,Washington,2517.688524590164
2016,Wayne,3624.767441860465
2016,Westchester,5244.665931642779
2016,Wyoming,1943.4642857142858
2016,Yates,1182.1538461538462
2017,Albany,15725.958139534883
2017,Allegany,1896.5
2017,Bronx,21195.288372093022
2017,Broome,3349.0985915492956
2017,Cattaraugus,1296.25
2017,Cayuga,2119.3488372093025
2017,Chautauqua,2794.8034682080925
2017,Chemung,5918.1509433962265
2017,Chenango,1059.5394736842106
2017,Clinton,6389.777777777777
2017,Columbia,2528.9545454545455
2017,Cortland,2729.7966101694915
2017,Delaware,762.2526315789473
2017,Dutchess,9043.701754385966
2017,Erie,6615.797830374753
2017,Essex,765.2352941176471
2017,Franklin,1401.2075471698113
2017,Fulton,1726.25
2017,Genesee,4094.5419847328244
2017,Greene,1586.2325581395348
2017,Hamilton,442.4
2017,Herkimer,2171.5529411764705
2017,Jefferson,2823.0746268656717
2017,Kings,13005.694394213382
2017,Lewis,361.5660377358491
2017,Livingston,2860.4727272727273
2017,Madison,2116.5263157894738
2017,Monroe,10454.40597539543
2017,Montgomery,2766.877192982456
2017,Nassau,10623.892210857592
2017,New York,18183.251798561152
2017,Niagara,3678.3003412969283
2017,Oneida,5336.117924528302
2017,Onondaga,10308.481927710844
2017,Ontario,4302.538461538462
2017,Orange,5777.428571428572
2017,Orleans,1502.1869158878505
2017,Oswego,2653.3627450980393
2017,Otsego,1122.203539823009
2017,Putnam,6291.7945205479455
2017,Queens,16966.79316239316
2017,Rensselaer,4098.530864197531
2017,Richmond,10078.914979757084
2017,Rockland,6799.157407407408
2017,Saint Lawrence,1573.588888888889
2017,Saratoga,4673.060606060606
2017,Schenectady,7846.519480519481
2017,Schoharie,817.968253968254
2017,Schuyler,1302.5729166666667
2017,Seneca,934.7758620689655
2017,Steuben,2637.845188284519
2017,Suffolk,11405.89880159787
2017,Sullivan,1637.1237113402062
2017,Tioga,1239.4084507042253
2017,Tompkins,4433.262626262626
2017,Ulster,3379.6857142857143
2017,Warren,4231.5609756097565
2017,Washington,1270.8101265822784
2017,Wayne,2272.4727272727273
2017,Westchester,8776.801749271137
2017,Wyoming,2055.9591836734694
2017,Yates,2775.3555555555554
2018,Albany,10117.63670411985
2018,Allegany,1084.7573529411766
2018,Bronx,22173.08982035928
2018,Broome,6549.083916083916
2018,Cattaraugus,3265.5390625
2018,Cayuga,5245.209302325581
2018,Chautauqua,3627.0378151260506
2018,Chemung,4317.0413223140495
2018,Chenango,1788.453125
2018,Clinton,4242.036363636364
2018,Columbia,6173.827586206897
2018,Cortland,3823.5106382978724
2018,Delaware,1146.490909090909
2018,Dutchess,7328.46
2018,Erie,15589.051212938006
2018,Essex,2227.3653846153848
2018,Franklin,4444.666666666667
2018,Fulton,5283.545454545455
2018,Genesee,3805.840909090909
2018,Greene,4445.880952380952
2018,Hamilton,1003.8181818181819
2018,Herkimer,4187.744680851064
2018,Jefferson,6245.238532110092
2018,Kings,11245.768817204302
2018,Lewis,950.8474576271186
2018,Livingston,4594.666666666667
2018,Madison,5500.222222222223
2018,Monroe,12330.637168141593
2018,Montgomery,5153.5
2018,Nassau,17693.114285714284
2018,New York,12565.666666666666
2018,Niagara,5808.915
2018,Oneida,4538.659863945578
2018,Onondaga,12452.421965317919
2018,Ontario,8226.397727272728
2018,Orange,8202.360406091371
2018,Orleans,2099.88
2018,Oswego,3283.8823529411766
2018,Otsego,3303.0204081632655
2018,Putnam,24615.933333333334
2018,Queens,17010.09946236559
2018,Rensselaer,4369.466666666666
2018,Richmond,16879.675324675325
2018,Rockland,12950.8125
2018,Saint Lawrence,1483.8064516129032
2018,Saratoga,9293.669902912621
2018,Schenectady,10763.173076923076
2018,Schoharie,3303.03125
2018,Schuyler,2031.4615384615386
2018,Seneca,6067.571428571428
2018,Steuben,2897.4742857142855
2018,Suffolk,13129.996904024767
2018,Sullivan,2175.8541666666665
2018,Tioga,16480.04
2018,Tompkins,5107.567164179104
2018,Ulster,5234.3050847457625
2018,Warren,6888.307692307692
2018,Washington,2421.64
2018,Wayne,3956.9565217391305
2018,Westchester,11153.685393258427
2018,Wyoming,1211.1063829787233
2018,Yates,1479.025
2019,Albany,7513.438893159108
2019,Allegany,988.3638211382114
2019,Bronx,12562.49634369287
2019,Broome,4539.445065176908
2019,Cattaraugus,1517.3941698352344
2019,Cayuga,3003.5919191919193
2019,Chautauqua,1923.0875816993464
2019,Chemung,4037.8036480686696
2019,Chenango,1314.0818965517242
2019,Clinton,2574.3663793103447
2019,Columbia,1680.778606965174
2019,Cortland,2332.6864608076007
2019,Delaware,937.7289156626506
2019,Dutchess,3974.963076923077
2019,Erie,8132.726503759399
2019,Essex,1505.0398406374502
2019,Franklin,1529.6813186813188
2019,Fulton,2368.4947916666665
2019,Genesee,3607.940928270042
2019,Greene,2259.4961240310076
2019,Hamilton,653.0
2019,Herkimer,2422.680808080808
2019,Jefferson,2467.7636544190664
2019,Kings,10551.967984934086
2019,Lewis,868.8592814371258
2019,Livingston,1855.3473684210526
2019,Madison,1868.1206225680935
2019,Monroe,8029.556962025316
2019,Montgomery,2595.9143258426966
2019,Nassau,9572.203625035401
2019,New York,12094.824790307548
2019,Niagara,1180.6725423728813
2019,Oneida,4341.43481427531
2019,Onondaga,6757.0960960960965
2019,Ontario,4236.3400309119015
2019,Orange,5167.498362802881
2019,Orleans,1117.0240963855422
2019,Oswego,2515.1511035653652
2019,Otsego,1674.2393026941363
2019,Putnam,4089.173333333333
2019,Queens,12074.1302578019
2019,Rensselaer,8991.37304964539
2019,Richmond,7923.895480225989
2019,Rockland,9989.223476297968
2019,Saint Lawrence,1309.7314814814815
2019,Saratoga,4652.692482915718
2019,Schenectady,4841.241379310345
2019,Schoharie,1329.2202166064983
2019,Schuyler,906.8858131487889
2019,Seneca,2195.4307692307693
2019,Steuben,1944.872687704026
2019,Suffolk,7857.285639550091
2019,Sullivan,2542.257716049383
2019,Tioga,3256.005882352941
2019,Tompkins,3158.6899441340784
2019,Ulster,3939.3953953953956
2019,Warren,2912.8423076923077
2019,Washington,1380.8867924528302
2019,Wayne,1947.1587677725117
2019,Westchester,6143.226893261777
2019,Wyoming,1234.8294573643411
2019,Yates,1064.8816326530612
